#count	frequency	CDR3nt	CDR3aa	V	D	J	C	cid	cid_full_length
78	8.003498e-02	TGCAGTGCGAGAGATCCGGGAGTTGGGGAGACCCAGTACTTC	CSARDPGVGETQYF	TRBV20-1*01	TRBD2*02	TRBJ2-5*01	TRBC	assemble3	1
57	5.796689e-02	TGTGCCAGCAGTGAAGATGGAGCCTACGAGCAGTACTTC	CASSEDGAYEQYF	TRBV2*01	.	TRBJ2-7*01	TRBC	assemble5	1
56	5.758044e-02	TGCGCCAGCAGCGGGAGTAATGAGCAGTTCTTC	CASSGSNEQFF	TRBV5-1*01	TRBD2*02	TRBJ2-1*01	TRBC	assemble0	1
39	3.966155e-02	TGTGCCAGCAGTTACGGGGGTGGCTACACCTTC	CASSYGGGYTF	TRBV6-5*01	TRBD2*01	TRBJ1-2*01	TRBC	assemble8	1
36	3.710898e-02	TGTGCCTGGAGTTTTGGGACCTATGGCTACACCTTC	CAWSFGTYGYTF	TRBV30*01	TRBD1*01	TRBJ1-2*01	TRBC	assemble9	1
30	5.497078e-02	TGTGCAGAGATCAAAACTGGGGCAAACAACCTCTTCTTT	CAEIKTGANNLFF	TRAV5*01	.	TRAJ36*01	TRAC	assemble11	1
30	3.097669e-02	TGTGCCTGGACTGCGAACACTGAAGCTTTCTTT	CAWTANTEAFF	TRBV30*01	TRBD2*01	TRBJ1-1*01	TRBC	assemble4	1
25	2.542407e-02	TGTGCCAGCAGTTTGCAGGGAGGGTCCTACAATGAGCAGTTCTTC	CASSLQGGSYNEQFF	TRBV27*01	TRBD2*02	TRBJ2-1*01	TRBC	assemble12	1
24	4.289008e-02	TGTGCAATGAGAGAGGAGGCCCCTGGTTCTGCAAGGCAACTGACCTTT	CAMREEAPGSARQLTF	TRAV14/DV4*02	.	TRAJ22*01	TRAC	assemble14	1
22	4.078131e-02	TGCCTCGTGGTTGACACTGGAGGCTTCAAAACTATCTTT	CLVVDTGGFKTIF	TRAV4*01	.	TRAJ9*01	TRAC	assemble1	1
21	2.135622e-02	TGTGCCAGCGGAACACCTAGCAATCAGCCCCAGCATTTT	CASGTPSNQPQHF	TRBV27*01	TRBD2*01	TRBJ1-5*01	TRBC	assemble7	0
20	2.046129e-02	TGTGCCAGCAAGGGGGGAGGGGGTCTCGAGCAGTACTTC	CASKGGGGLEQYF	TRBV6-5*01	TRBD2*02	TRBJ2-7*01	TRBC	assemble40	0
20	3.574173e-02	TGTGCTCTGATCTTAGGCGACACCGACAAGCTCATCTTT	CALILGDTDKLIF	TRAV19*01	.	TRAJ34*01	TRAC	assemble21	1
18	1.830533e-02	TGTGCCAGCAGTCGGACCGGAACTTATTATGGCTACACCTTC	CASSRTGTYYGYTF	TRBV9*01	.	TRBJ1-2*01	TRBC	assemble18	0
18	3.216756e-02	TGTGCTGTGCGGGCTTCTGGTGGCTACAATAAGCTGATTTTT	CAVRASGGYNKLIF	TRAV20*02	.	TRAJ4*01	TRAC	assemble27	1
17	3.059492e-02	TGTGCTGTGAGAGATAGCAACTATCAGTTAATCTGG	CAVRDSNYQLIW	TRAV1-2*01	.	TRAJ33*01	TRAC	assemble6	1
16	1.152163e-01	TGTGCCACCTGGGACAGTAATTATTATAAGAAACTCTTT	CATWDSNYYKKLF	TRGV5*01	.	TRGJ1*02	TRGC	assemble2	1
15	4.289189e-01	TGTGCCTGTGACACCGTTGGGAGTGTTGCCACCGATAAACTCATCTTT	CACDTVGSVATDKLIF	TRDV2*02	.	TRDJ1*01	TRDC	assemble13	1
14	1.511207e-02	TGTGCCAGCAGCTTCTCACAGGGAGACGAGCAGTACTTC	CASSFSQGDEQYF	TRBV7-6*01	TRBD1*01	TRBJ2-7*01	TRBC	assemble30	1
14	1.423748e-02	TGTGCCAGCAGTTTAGGGGAAGCTAATGAAAAACTGTTTTTT	CASSLGEANEKLFF	TRBV7-2*01	TRBD1*01	TRBJ1-4*01	TRBC	assemble22	1
14	1.423748e-02	TGCGCCAGCAGCCAAGATCGATTCGTGCGGAATGAGCAGTTCTTC	CASSQDRFVRNEQFF	TRBV4-3*01	.	TRBJ2-1*01	TRBC	assemble20	1
14	2.501921e-02	TGTGCCGTGAGCTGGGGGAAATTGCAGTTT	CAVSWGKLQF	TRAV12-2*02	.	TRAJ24*02	TRAC	assemble17	1
14	1.423748e-02	TGTGCCAGTAGCTGGGGGACAGATGAAGCTTTCTTT	CASSWGTDEAFF	TRBV19*01	TRBD2*01	TRBJ1-1*01	TRBC	assemble56	0
13	1.322052e-02	TGTGCCAGCAGCTCACCCGGGGGCACGACGCCCGGGGAGCTGTTTTTT	CASSSPGGTTPGELFF	TRBV7-3*01	TRBD1*01	TRBJ2-2*01	TRBC	assemble47	0
13	1.322052e-02	TGTGCCAGCAGGGTTACCTACAGGAGCTCCTACAATGAGCAGTTCTTC	CASRVTYRSSYNEQFF	TRBV6-5*01	TRBD1*01	TRBJ2-1*01	TRBC	assemble70	0
13	2.323212e-02	TGTGCTGTGGACGACGGGGATAATGCAGGCAACATGCTCACCTTT	CAVDDGDNAGNMLTF	TRAV8-3*01	.	TRAJ39*01	TRAC	assemble34	0
13	1.322052e-02	TGTGCCACCGAATTTGGGGGTGAGCAGTTCTTC	CATEFGGEQFF	TRBV19*01	TRBD1*01	TRBJ2-1*01	TRBC	assemble60	0
12	1.220356e-02	TGTGCCAGTAGTATAGGCGGAGACAATGAGCAGTTCTTC	CASSIGGDNEQFF	TRBV19*01	.	TRBJ2-1*01	TRBC	assemble16	0
12	2.144504e-02	TGTGTGGTCGACACGGGCAGGAGAGCACTTACTTTT	CVVDTGRRALTF	TRAV12-1*01	.	TRAJ5*01	TRAC	assemble23	1
11	1.118659e-02	TGTGCCAGCAATGCCGGGACAGGGTCCTACGAGCAGTACTTC	CASNAGTGSYEQYF	TRBV6-6*02	TRBD1*01	TRBJ2-7*01	TRBC	assemble65	0
10	1.787087e-02	TGTGCCGTGAACATGGTGACCGGTAACCAGTTCTATTTT	CAVNMVTGNQFYF	TRAV12-2*03	.	TRAJ49*01	TRAC	assemble63	0
10	1.016963e-02	TGTGCCAGCAGCTTAGTTGGTGAAAAACTGTTTTTT	CASSLVGEKLFF	TRBV7-9*03	.	TRBJ1-4*01	TRBC	assemble24	1
10	1.016963e-02	TGTGCCAGCAGGGAGTCGAACACTGAAGCTTTCTTT	CASRESNTEAFF	TRBV27*01	TRBD1*01	TRBJ1-1*01	TRBC	assemble71	0
10	1.016963e-02	TGTGCCAGCAGCTCCCGTCAGGGCCGCTACCAGGAGCAGTACTTC	CASSSRQGRYQEQYF	TRBV5-6*01	TRBD1*01	TRBJ2-7*01	TRBC	assemble31	1
9	1.608378e-02	TGTGCTTATAGTGACTTTGGAAATGAGAAATTAACCTTT	CAYSDFGNEKLTF	TRAV38-2/DV8*01	.	TRAJ48*01	TRAC	assemble32	1
9	9.152666e-03	TGTGCCAGTAGTATTACTAGCGGGTCCTACAATGAGCAGTTCTTC	CASSITSGSYNEQFF	TRBV19*01	TRBD2*01	TRBJ2-1*01	TRBC	assemble82	1
8	1.529746e-02	TGTGCCGTCAAGCCGGACAATAACAATGACATGCGCTTT	CAVKPDNNNDMRF	TRAV12-2*02	.	TRAJ43*01	TRAC	assemble57	1
8	1.429669e-02	TGTGCTCCCTGCCTTCTTAGGGACTACAAGCTCAGCTTT	CAPCLLRDYKLSF	TRAV6*02	.	TRAJ20*01	TRAC	assemble38	0
8	5.555941e-02	TGTGCCTTGTGGGAGGTGTGGGATTATTATAAGAAACTCTTT	CALWEVWDYYKKLF	TRGV9*01	.	TRGJ1*02	TRGC	assemble19	1
8	1.429669e-02	TGTGCAGGAGCGGAGGACAAGATCATCTTT	CAGAEDKIIF	TRAV27*01	.	TRAJ30*01	TRAC	assemble35	1
8	1.429669e-02	TGTGCTACGGACGCATACGACACCGGTAACCAGTTCTATTTT	CATDAYDTGNQFYF	TRAV17*01	.	TRAJ49*01	.	assemble45	0
8	5.555941e-02	TGTGCCACCTGGGACGGGGTCGAATTATTATAAGAAACTCTTT	out_of_frame	TRGV2*01	.	TRGJ1*02	TRGC	assemble15	1
8	8.135704e-03	TGCGCCAGCAGCTCCAGGGGAACACTGAAGCTTTCTTT	out_of_frame	TRBV5-1*01	TRBD1*01	TRBJ1-1*01	TRBC	assemble76	0
8	8.135704e-03	TGTGCCGGTGGGGACAGATACTATGGCTACACCTTC	CAGGDRYYGYTF	TRBV12-3*01	TRBD1*01	TRBJ1-2*01	TRBC	assemble39	1
7	5.208695e-02	TGTGCCTTGTGGGAGGTGCTCGAGTTGGGCAAAAAAATCAAGGTATTT	CALWEVLELGKKIKVF	TRGV9*01	.	TRGJP*01	TRGC	assemble36	0
7	1.250961e-02	TGTGCCGTGAACCGCGGGAGGGATAGTGGAGGTAGCAACTATAAACTGACATTT	CAVNRGRDSGGSNYKLTF	TRAV12-2*01	.	TRAJ53*01	TRAC	assemble98	0
7	7.118741e-03	TGTGCCAGCAGCCCTGTAGCCTCGTGGGACAGGGGGCCCTGGGGGCAGAAAAACATTCAGTACTTC	CASSPVASWDRGPWGQKNIQYF	TRBV7-9*01	TRBD1*01	TRBJ2-4*01	TRBC	assemble100	0
7	7.118741e-03	TGCGCCAGCAGCCAAGATAGGTACACCCAAAATGAGCAGTTCTTC	CASSQDRYTQNEQFF	TRBV4-3*01	.	TRBJ2-1*01	TRBC	assemble89	0
7	1.250961e-02	TGTGCCGTGAAGATGGCCAGAAGCTGCTCTTTGCAAGGGGAACCATGTTAAAGGTGG	CAVKMARSCSLQGEPC_RW	TRAV12-2*01	.	TRAJ16*01	TRAC	assemble113	0
6	6.508563e-03	TGCGCCAGCAGCCAAGACAGTTTCTCTGGGGCCAACGTCCTGACTTTC	CASSQDSFSGANVLTF	TRBV4-3*01	TRBD1*01	TRBJ2-6*01	TRBC	assemble41	0
6	1.621622e-01	TGTGCCTGTGTTAATCTGGGGGCCGCCGATAAACTCATCTTT	CACVNLGAADKLIF	TRDV2*01	TRDD3*01	TRDJ1*01	TRDC	assemble115	0
6	1.072252e-02	TGTGCTGTGAGGCGGATAAGAGGAAGCTACATACCTACATTT	CAVRRIRGSYIPTF	TRAV21*01	.	TRAJ6*01	TRAC	assemble105	0
6	1.072252e-02	TGTGCCGTGAACATTCGAGGAAAGCTTATCTTC	CAVNIRGKLIF	TRAV12-2*01	.	TRAJ23*01	.	assemble184	0
6	4.166956e-02	TGTGCCACCTGGGATTGGTATTATAAGAAACTCTTT	CATWDWYYKKLF	TRGV8*01	.	TRGJ1*02	TRGC	assemble25	1
6	6.101778e-03	TGTGCCAGCAGTGAAGGCGGGTTACCCTACGAGCAGTACTTC	CASSEGGLPYEQYF	TRBV2*01	TRBD2*01	TRBJ2-7*01	TRBC	assemble95	0
6	1.072252e-02	TGTGCAGTCTTTTCTTCTGGTTCTGCAAGGCAACTGACCTTT	CAVFSSGSARQLTF	TRAV23/DV6*01	.	TRAJ22*01	.	assemble109	0
6	1.072252e-02	TGTGCAGTCCCACTATCTGGGGCTGGGAGTTACCAACTCACTTTC	CAVPLSGAGSYQLTF	TRAV29/DV5*01	.	TRAJ28*01	TRAC	assemble58	0
6	1.072252e-02	TGTGCCTTTGACAACTTCAACAAATTTTACTTT	CAFDNFNKFYF	TRAV24*01	.	TRAJ21*01	TRAC	assemble33	1
6	6.101778e-03	TGTGCCAGCAGCTTAGGAGAGAAACTCTATGGCTACACCTTC	CASSLGEKLYGYTF	TRBV7-2*01	.	TRBJ1-2*01	TRBC	assemble127	0
5	9.417946e-03	TGTGCTGTGATGGATAGCAACTATCAGTTAATCTGG	CAVMDSNYQLIW	TRAV1-2*01	.	TRAJ33*01	TRAC	assemble6	1
5	3.472463e-02	TGTGCTGCGTGGGATGGGAGTTGGTTCAAGATATTT	CAAWDGSWFKIF	TRGV10*02	.	TRGJP1*01	TRGC	assemble124	0
5	5.084815e-03	TGTGCCAGCAGTTTATTTGGTGGAGGTGAGCAGTTCTTC	CASSLFGGGEQFF	TRBV27*01	TRBD2*02	TRBJ2-1*01	TRBC	assemble114	0
5	8.935433e-03	TGTGCTCTGAGCTCCGGTCAGGGAGCCCAGAAGCTGGTATTT	CALSSGQGAQKLVF	TRAV19*01	.	TRAJ54*01	TRAC	assemble110	0
5	8.935433e-03	TGTGCTGTTTACTATGGGAACAACAGACTCGCTTTT	CAVYYGNNRLAF	TRAV21*02	.	TRAJ7*01	TRAC	assemble43	0
5	5.084815e-03	TGTGCCAGCAGTGAAAGACTAGCGGGGGCAGATACGCAGTATTTT	CASSERLAGADTQYF	TRBV6-1*01	TRBD2*01	TRBJ2-3*01	TRBC	assemble91	0
5	5.084815e-03	TGTGCCAGCAGTTTAATGGGTAGCAATCAGCCCCAGCATTTT	CASSLMGSNQPQHF	TRBV27*01	.	TRBJ1-5*01	TRBC	assemble118	0
5	3.472463e-02	TGTGCCACCTGGGACGGGCTGGTATTATAAGAAACTCTTT	out_of_frame	TRGV2*01	.	TRGJ1*02	TRGC	assemble135	0
5	8.935433e-03	TGTGCAGCAAGCGCCATATGGGGTGGTACTAGCTATGGAAGCTGACATTT	out_of_frame	TRAV29/DV5*01	.	TRAJ52*01	TRAC	assemble26	0
5	4.545455e-01	TGTCAGCAGTATAGTAACTGGCCCTTCACTTTC	CQQYSNWPFTF	IGKV3D-15*01	.	IGKJ4*01	IGKC	assemble81	1
5	5.084815e-03	TGTGCCAGCAGTGACTCGGGGGAATACACCGGGGAGCTGTTTTTT	CASSDSGEYTGELFF	TRBV2*01	TRBD2*01	TRBJ2-2*01	TRBC	assemble97	0
5	5.084815e-03	TGTGCCAGCAGTTTTACCCTAGCGGGGGAGCAGTTCTTC	CASSFTLAGEQFF	TRBV27*01	TRBD2*01	TRBJ2-1*01	TRBC	assemble257	0
5	4.545455e-01	TGTAACTCCCGGGACACCAGTAGTAACCATCTGGTGTTC	CNSRDTSSNHLVF	IGLV3-19*01	.	IGLJ3*02	IGLC	assemble80	0
5	5.084815e-03	TGCGCCAGCAGCCAAGACGCGGGCTCCTACGAGCAGTACTTC	CASSQDAGSYEQYF	TRBV4-3*01	TRBD2*01	TRBJ2-7*01	TRBC	assemble149	0
4	4.881422e-03	TGCGCCAGCAGCCAAGACGGGGGCGCTGGGGCCAACGTCCTGACTTTC	CASSQDGGAGANVLTF	TRBV4-3*01	TRBD1*01	TRBJ2-6*01	TRBC	assemble41	0
4	8.399307e-03	TGTGCTTCGATGGATAGCAACTATCAGTTAATCTGG	CASMDSNYQLIW	TRAV1-2*01	.	TRAJ33*01	TRAC	assemble6	1
4	7.148346e-03	TGTGCTGTGAGAGATGGGGACTACAAGCTCAGCTTT	CAVRDGDYKLSF	TRAV1-2*01	.	TRAJ20*01	TRAC	assemble126	0
4	7.148346e-03	TGTGCAATGAGAGAGTATACTGGAGGCTTCAAAACTATCTTT	CAMREYTGGFKTIF	TRAV14/DV4*01	.	TRAJ9*01	TRAC	assemble108	0
4	7.148346e-03	TGCGCCGGCCGTATCAGCGGAAATCTCATCTTT	CAGRISGNLIF	TRAV1-1*01	.	TRAJ42*01	TRAC	assemble150	0
4	4.067852e-03	TGTGCCAACAGTTTGAGTCAGGGTCAGCCCCAGCATTTT	CANSLSQGQPQHF	TRBV12-3*01	TRBD1*01	TRBJ1-5*01	TRBC	assemble138	0
4	4.067852e-03	TGTGCCAGCAGCTTAGAGGCAGGGGGGGATGAAAAACTGTTTTTT	CASSLEAGGDEKLFF	TRBV11-2*01	TRBD2*02	TRBJ1-4*01	TRBC	assemble73	0
4	1.081081e-01	TGTGCCTGTGACACGGTTGGGGATAGACCGAAATATACCGATAAACTCATCTTT	CACDTVGDRPKYTDKLIF	TRDV2*01	TRDD3*01	TRDJ1*01	TRDC	assemble192	0
4	4.067852e-03	TGTGCCAGCAGCTTTCACCGGGACACATCGAATACCGAGCAGTACTTC	CASSFHRDTSNTEQYF	TRBV9*01	TRBD1*01	TRBJ2-7*01	TRBC	assemble158	0
4	7.148346e-03	TGTGCCTCCCCGATGTTTTACAGCAGTGCTTCCAAGATAATCTTT	CASPMFYSSASKIIF	TRAV9-2*01	.	TRAJ3*01	TRAC	assemble53	0
4	4.067852e-03	TGTGCCAGCAGTGACTCGACTAGCGGGGGGAATGAGCAGTTCTTC	CASSDSTSGGNEQFF	TRBV6-4*01	TRBD2*01	TRBJ2-1*01	TRBC	assemble49	1
4	7.148346e-03	TGTGCTGTGGGTGCGGAATAACACCGACAAGCTCATCTTT	out_of_frame	TRAV8-3*01	.	TRAJ34*01	.	assemble144	0
4	4.067852e-03	TGTGCCAGCAGTTACGCGACTAGCGGGCCGTGGGATACGCAGTATTTT	CASSYATSGPWDTQYF	TRBV6-2*01	TRBD2*01	TRBJ2-3*01	TRBC	assemble54	0
4	7.148346e-03	TGTGCCCCCTTCAGGAACCTACAAATACATCTTT	out_of_frame	TRAV12-2*01	.	TRAJ40*01	TRAC	assemble93	0
4	4.067852e-03	TGTGCCACCGGGACAGGGGATAATTCACCCCTCCACTTT	CATGTGDNSPLHF	TRBV27*01	TRBD1*01	TRBJ1-6*01	TRBC	assemble154	0
4	7.148346e-03	TGTGCCGTGAACCGAGCTGGCAACAACCGTAAGCTGATTTGG	CAVNRAGNNRKLIW	TRAV12-2*01	.	TRAJ38*01	.	assemble119	0
4	4.067852e-03	TGTGCCTGGAGTGCCATCGGGGAGGATGGCTACACCTTC	CAWSAIGEDGYTF	TRBV30*01	TRBD2*01	TRBJ1-2*01	TRBC	assemble147	0
4	4.067852e-03	TGTGCCAGCAGTGATTGGACTGGAGGGGATGAGCAGTTCTTC	CASSDWTGGDEQFF	TRBV2*01	TRBD2*01	TRBJ2-1*01	TRBC	assemble139	0
4	4.067852e-03	TGTGCCATCAGTCCGGTCAGTGCAGATACGCAGTATTTT	CAISPVSADTQYF	TRBV10-3*02	.	TRBJ2-3*01	TRBC	assemble111	0
4	7.148346e-03	TGTGCTGTGAGAGATTCGGAATATCAGTTAATCTGG	CAVRDSEYQLIW	TRAV1-2*01	.	TRAJ33*01	TRAC	assemble140	0
3	7.058992e-03	TGTGCTGTTTTGGATAGCAACTATCAGTTAATCTGG	CAVLDSNYQLIW	TRAV1-2*01	.	TRAJ33*01	TRAC	assemble6	1
3	7.058992e-03	TGTGCTGTGTCGGATAGCAACTATCAGTTAATCTGG	CAVSDSNYQLIW	TRAV1-2*01	.	TRAJ33*01	TRAC	assemble6	1
3	2.409890e-02	TGTGCCACCTGGGACAGTAATTATTATAAGAAAATCTTT	CATWDSNYYKKIF	TRGV5*01	.	TRGJ1*02	TRGC	assemble2	1
3	5.361260e-03	TGTGCCTCCGATAGCAGCTATAAATTGATCTTC	CASDSSYKLIF	TRAV5*01	.	TRAJ12*01	TRAC	assemble151	0
3	3.050889e-03	TGTGCCAGCAGCTTACTTCTTTTTGCACCCGGGGAGCTGTTTTTT	CASSLLLFAPGELFF	TRBV7-2*01	TRBD2*01	TRBJ2-2*01	TRBC	assemble120	0
3	2.083478e-02	TGTGCTGCGTGCCTACCGGGGGGGAAACTCTTT	CAACLPGGKLF	TRGV10*01	.	TRGJ1*02	TRGC	assemble202	0
3	3.050889e-03	TGTGCCAGCAGCACAGAGTTCGGGGTCCCCCAGCGCACCGGGGAGCTGTTTTTT	CASSTEFGVPQRTGELFF	TRBV7-9*07	TRBD2*01	TRBJ2-2*01	TRBC	assemble186	0
3	3.050889e-03	TGTGCCAGCAGCTTAGGGACTAGCGGGCGATACAATGAGCAGTTCTTC	CASSLGTSGRYNEQFF	TRBV7-8*01	TRBD2*01	TRBJ2-1*01	TRBC	assemble85	0
3	2.083478e-02	TGTGCCTTGTGGGAGGGAAGACAAGAGTTGGGCAAAAAAATCAAGGTATTT	CALWEGRQELGKKIKVF	TRGV9*01	.	TRGJP*01	TRGC	assemble227	0
3	3.050889e-03	TGTGCCAGCAGTCGCACGGACCGGTCGCGAGAGCAGTACTTC	CASSRTDRSREQYF	TRBV28*01	.	TRBJ2-7*01	TRBC	assemble42	1
3	3.050889e-03	TGTGCCAGCAGTTTATTTTTCTCTGGGGCCAACGTCCTGACTTTC	CASSLFFSGANVLTF	TRBV27*01	TRBD1*01	TRBJ2-6*01	TRBC	assemble162	0
3	3.050889e-03	TGTGCCAGCAGAGACAGAGGGCATGTCTTGGACACTGAAGCTTTCTTT	CASRDRGHVLDTEAFF	TRBV3-1*01	TRBD1*01	TRBJ1-1*01	TRBC	assemble166	0
3	3.050889e-03	TGTGCCATCGGACCTCGGGCAGGGTGGACAGATACGCAGTATTTT	CAIGPRAGWTDTQYF	TRBV5-4*01	TRBD1*01	TRBJ2-3*01	TRBC	assemble220	0
3	3.050889e-03	TGCAGTGCTAGAGATCAGGACGGGCTAGCGGTCTCCGGGGAGCTGTTTTTT	CSARDQDGLAVSGELFF	TRBV20-1*01	TRBD2*01	TRBJ2-2*01	TRBC	assemble160	0
3	3.050889e-03	TGCGCCAGCAGCTCGGCCGGCGGGTACACTGAAGCTTTCTTT	CASSSAGGYTEAFF	TRBV5-1*01	TRBD2*01	TRBJ1-1*01	TRBC	assemble117	0
3	5.361260e-03	TGTGCTCTCGTATGAAAACCTCCTACGACAAGGTGATATTT	out_of_frame	TRAV9-2*01	.	TRAJ50*01	TRAC	assemble203	0
3	3.050889e-03	TGCAGTGCTAGGGGGGACAGGGACTACGAGCAGTACTTC	CSARGDRDYEQYF	TRBV20-1*01	TRBD2*01	TRBJ2-7*01	TRBC	assemble219	0
3	5.361260e-03	TGTGTGGTGGGCAACTTCAACAAATTTTACTTT	CVVGNFNKFYF	TRAV12-1*01	.	TRAJ21*01	.	assemble695	0
3	3.050889e-03	TGTGCCAGCAGAGGGAACAGCGGAGCGAATTTCAATGAGCAGTTCTTC	CASRGNSGANFNEQFF	TRBV6-5*01	TRBD2*01	TRBJ2-1*01	TRBC	assemble181	0
3	5.361260e-03	TGTGCAGCCACTCAGGGCGGATCTGAAAAGCTGGTCTTT	CAATQGGSEKLVF	TRAV12-3*01	.	TRAJ57*01	TRAC	assemble180	0
3	3.050889e-03	TGTGCCAGCAGTGAGGATTCGCGAGCGATCATCCACTCCTACAATGAGCAGTTCTTC	CASSEDSRAIIHSYNEQFF	TRBV2*01	.	TRBJ2-1*01	TRBC	assemble125	0
3	3.050889e-03	TGTGCCACCGAAACCTTCTGGGGGCTCACAGATACGCAGTATTTT	CATETFWGLTDTQYF	TRBV9*01	TRBD1*01	TRBJ2-3*01	TRBC	assemble350	0
3	5.361260e-03	TGTGCAGCAATGGATACTAGCTATGGAAAGCTGACATTT	CAAMDTSYGKLTF	TRAV29/DV5*01	.	TRAJ52*01	TRAC	assemble48	0
3	3.050889e-03	TGTGCCAGCCTAACGGGGAGCTCCTATAATTCACCCCTCCACTTT	CASLTGSSYNSPLHF	TRBV7-8*01	TRBD2*01	TRBJ1-6*01	TRBC	assemble217	0
3	5.361260e-03	TGTGCTGTGCAGGCCGACACAGGCTTTCAGAAACTTGTATTT	CAVQADTGFQKLVF	TRAV20*01	.	TRAJ8*01	TRAC	assemble334	0
3	5.361260e-03	TGTGCAATGAGAGAAGCTACAGCAGTGCTTCCAAGATAATCTTT	out_of_frame	TRAV14/DV4*02	.	TRAJ3*01	TRAC	assemble476	0
3	3.050889e-03	TGTGCCAGTCAGGAGCTAGCGGGAGGGTACAATGAGCAGTTCTTC	CASQELAGGYNEQFF	TRBV19*01	TRBD2*02	TRBJ2-1*01	TRBC	assemble171	0
3	5.361260e-03	TGTGCCGTGAATCCTTTAACTGGGGCAAACAACCTCTTCTTT	CAVNPLTGANNLFF	TRAV8-1*01	.	TRAJ36*01	TRAC	assemble194	0
3	5.361260e-03	TGTGCCGTGAACCCGGCAGGAACTGCTCTGATCTTT	CAVNPAGTALIF	TRAV12-2*01	.	TRAJ15*01	TRAC	assemble218	0
3	3.050889e-03	TGTGCCAGCAGTGAAGGCGGGGGGGACACAGATACGCAGTATTTT	CASSEGGGDTDTQYF	TRBV6-4*01	TRBD2*01	TRBJ2-3*01	TRBC	assemble182	0
3	3.050889e-03	TGCCAGCAGCTTAGCGGCCAAGAGACCCAGTACTTC	CQQLSGQETQYF	TRBV7-2*01	TRBD2*01	TRBJ2-5*01	TRBC	assemble266	0
3	2.083478e-02	TGTGCCACCTGGGACGGGCCATGGCCCTTTTCATAAGAAACTCTTT	out_of_frame	TRGV2*01	.	TRGJ1*01	TRGC	assemble189	0
3	3.050889e-03	TGTGCCAGCAGCACATCCCCCGGGCTAGCGGGAGGCCCCGCCTACGAGCAGTACTTC	CASSTSPGLAGGPAYEQYF	TRBV7-9*01	TRBD2*02	TRBJ2-7*01	TRBC	assemble175	0
3	5.361260e-03	TGTGCAGCAAGCCTCCAAAACCTCCTACGACAAGGTGATATTT	out_of_frame	TRAV13-1*02	.	TRAJ50*01	TRAC	assemble51	0
3	3.050889e-03	TGTGCCAGCAGCTTGGCGGACAGGGCCTACGAGCAGTACTTC	CASSLADRAYEQYF	TRBV5-6*01	TRBD1*01	TRBJ2-7*01	TRBC	assemble208	0
3	2.083478e-02	TGTGCCACCTGGGGCGTGAATTATTATAAGAAACTCTTT	CATWGVNYYKKLF	TRGV8*01	.	TRGJ1*02	TRGC	assemble352	0
3	3.050889e-03	TGTGCCAGCAGCGGAGCTCGGACCCCCAATGAGCAGTTCTTC	CASSGARTPNEQFF	TRBV7-9*01	TRBD2*01	TRBJ2-1*01	TRBC	assemble190	0
3	3.050889e-03	TGTGCCAGCAGCCAGGAGACAGCCTATAATGAAAAACTGTTTTTT	CASSQETAYNEKLFF	TRBV4-2*01	TRBD1*01	TRBJ1-4*01	TRBC	assemble247	0
3	2.083478e-02	TGTGCCAAAAGGGGGGGAAGAAACTCTTT	out_of_frame	TRGV10*01	.	TRGJ1*02	TRGC	assemble28	0
3	3.050889e-03	TGTGCCAGCAGTTACAGCTACGAGCAGTACTTC	CASSYSYEQYF	TRBV6-2*01	.	TRBJ2-7*01	TRBC	assemble213	0
3	3.050889e-03	TGTGCCAGCACTGGTCACCTAGCGGGAGAGGTGCAGTATTTT	CASTGHLAGEVQYF	TRBV12-3*01	TRBD2*02	TRBJ2-3*01	TRBC	assemble224	0
2	2.928853e-03	TGTGCCAGCAAGGGGGGAGGGGGTCTCGAGCAGTACCTC	CASKGGGGLEQYL	TRBV6-5*01	TRBD2*02	TRBJ2-7*01	TRBC	assemble40	0
2	2.847496e-03	TGCGCCAGCAGCCAAGATGGGGGTTCGGGGGCCAACGTCCTGACTTTC	CASSQDGGSGANVLTF	TRBV4-3*01	TRBD1*01	TRBJ2-6*01	TRBC	assemble41	0
2	2.816987e-03	TGTGCCTGGACGGATAACACTGAAGCTTTCTTT	CAWTDNTEAFF	TRBV30*01	TRBD2*01	TRBJ1-1*01	TRBC	assemble4	1
2	2.816987e-03	TGTGCCTGGACCGAGAACACTGAAGCTTTCTTT	CAWTENTEAFF	TRBV30*01	TRBD2*01	TRBJ1-1*01	TRBC	assemble4	1
2	4.700038e-03	TGTGCTGTGAGGGATAGCAACTATCAGTTAATCTGG	CAVRDSNYQLIW	TRAV1-2*01	.	TRAJ33*01	TRAC	assemble6	1
2	4.700038e-03	TGTGCTGTGACCGATAGCAACTATCAGTTAATCTGG	CAVTDSNYQLIW	TRAV1-2*01	.	TRAJ33*01	TRAC	assemble6	1
2	4.700038e-03	TGTGCTGTGAAAGATAGCAACTATCAGTTAATCTGG	CAVKDSNYQLIW	TRAV1-2*01	.	TRAJ33*01	TRAC	assemble6	1
2	2.542407e-03	TGTGCCAGCAGTTACACTCCGGACCAGGCAGATACGCAGTATTTT	CASSYTPDQADTQYF	TRBV6-2*01	.	TRBJ2-3*01	TRBC	assemble136	0
2	2.542407e-03	TGTGTCAGCAGTTACACTCCGGACCAGGCAGATACGCAGTATTTT	CVSSYTPDQADTQYF	TRBV6-2*01	.	TRBJ2-3*01	TRBC	assemble136	0
2	4.431975e-03	TGTGCTGCGACCGATAGCAACTATCAGTTAATCTGG	CAATDSNYQLIW	TRAV1-2*01	.	TRAJ33*01	TRAC	assemble6	1
2	4.360491e-03	TGTGCCGTCAAGCCTGACAATAACAATGACATGCGCTTT	CAVKPDNNNDMRF	TRAV12-2*02	.	TRAJ43*01	TRAC	assemble57	1
2	4.199653e-03	TGTGCTCCCATGGATAGCAACTATCAGTTAATCTGG	CAPMDSNYQLIW	TRAV1-2*01	.	TRAJ33*01	TRAC	assemble6	1
2	2.328845e-03	TGTACCTGGAGTTTTGGGACCTATGGCTACACCTTC	CTWSFGTYGYTF	TRBV30*01	TRBD1*01	TRBJ1-2*01	TRBC	assemble9	1
2	2.257658e-03	TGTGCCTGGAGTTTTGGGACCCATGGCTACACCTTC	CAWSFGTHGYTF	TRBV30*01	TRBD1*01	TRBJ1-2*01	TRBC	assemble9	1
2	2.176301e-03	CGTGCCAGCAGCTTCTCACAGGGAGACGAGCAGTACTTC	RASSFSQGDEQYF	TRBV7-6*01	TRBD1*01	TRBJ2-7*01	TRBC	assemble30	1
2	1.444545e-02	TGTGCCACCTGGGATGGGTTTTATTATAAGAAACTCTTT	CATWDGFYYKKLF	TRGV5*01	.	TRGJ1*02	TRGC	assemble2	1
2	1.388985e-02	TGTGCCACCGTGCGCGCCCTCTTT	CATVRALF	TRGV2*01	.	TRGJ1*02	TRGC	assemble188	0
2	2.033926e-03	TGCAGTGCGGGGCTCGGGGGCCGTGACCAAGAGACCCAGTACTTC	CSAGLGGRDQETQYF	TRBV20-1*01	TRBD1*01	TRBJ2-5*01	TRBC	assemble397	0
2	2.033926e-03	TGCGCCAGCAGCCAAGAGGGTAGTAGCGGGGGGGCCAATGAGCAGTTCTTC	CASSQEGSSGGANEQFF	TRBV4-1*01	TRBD2*01	TRBJ2-1*01	TRBC	assemble359	0
2	3.574173e-03	TGTGCTACGGGTGAGGGTATAGCTGCAGGCAACAAGCTAACTTTT	CATGEGIAAGNKLTF	TRAV17*01	.	TRAJ17*01	.	assemble393	0
2	2.033926e-03	TGTGCCAGCAGTGACTTGGGGGAATACACCGGGGAGCTGTTTTTT	CASSDLGEYTGELFF	TRBV2*01	TRBD2*01	TRBJ2-2*01	TRBC	assemble97	0
2	2.033926e-03	TGTGCCAGCAGTTTAGCGCACACGGTCGGGACTGAAGCTTTCTTT	CASSLAHTVGTEAFF	TRBV12-3*01	TRBD2*01	TRBJ1-1*01	TRBC	assemble289	0
2	2.033926e-03	TGCAGTGCTAGATCCGGGACTAGTTATTTCAATGAGCAGTTCTTC	CSARSGTSYFNEQFF	TRBV20-1*01	TRBD2*01	TRBJ2-1*01	TRBC	assemble330	0
2	3.574173e-03	TGTGGTGTGTTGGCCGCAGGCAACAAGCTAACTTTT	CGVLAAGNKLTF	TRAV1-2*01	.	TRAJ17*01	TRAC	assemble197	0
2	2.033926e-03	TGTGCCAGCAGCTTACTTCTTTTTGCACCCGGGGGGCTGTTTTTT	CASSLLLFAPGGLFF	TRBV7-2*01	TRBD2*01	TRBJ2-2*01	TRBC	assemble120	0
2	2.033926e-03	TGCAGTGTCCTCCCGCCGGGGCAGGGGAATCAGCCCCAGCATTTT	CSVLPPGQGNQPQHF	TRBV20-1*01	TRBD1*01	TRBJ1-5*01	TRBC	assemble267	0
2	3.574173e-03	TGTGCTTTTAAGGCTGGAGGCTTCAAAACTATCTTT	CAFKAGGFKTIF	TRAV21*01	.	TRAJ9*01	.	assemble506	0
2	3.574173e-03	TGTGCAATGATCGGAGGCTACAATAAGCTGATTTTT	CAMIGGYNKLIF	TRAV12-3*01	.	TRAJ4*01	.	assemble580	0
2	2.033926e-03	TGCGCCAGCAGCCAAGATAGGTACACCCAAAATGAGCAGTACTTC	CASSQDRYTQNEQYF	TRBV4-3*01	.	TRBJ2-1*01	TRBC	assemble89	0
2	3.574173e-03	TGTGCAGGTAACACCGACAAGCTCATCTTT	CAGNTDKLIF	TRAV29/DV5*01	.	TRAJ34*01	TRAC	assemble262	0
2	3.574173e-03	TGTGCTGTGATGGGCTTT	CAVMGF	TRAV21*01	.	TRAJ35*01	.	assemble365	0
2	2.033926e-03	TGTGCCAGCAGCTTAACGATAGGGTACTCACCCCTCCACTTT	CASSLTIGYSPLHF	TRBV7-3*01	.	TRBJ1-6*01	TRBC	assemble536	0
2	2.033926e-03	TGTGCCAGCAGCCCAGGGAACACCGGGGAGCTGTTTTTT	CASSPGNTGELFF	TRBV7-9*01	TRBD1*01	TRBJ2-2*01	TRBC	assemble372	0
2	1.388985e-02	TGTGCCACCTGGGACGGGCGACAGAAACTCTTT	CATWDGRQKLF	TRGV2*01	.	TRGJ1*02	TRGC	assemble173	0
2	3.574173e-03	TGTGCAATGCGAAATACTGGAGGCTTCAAAACTATCTTT	CAMRNTGGFKTIF	TRAV12-3*01	.	TRAJ9*01	TRAC	assemble573	0
2	3.574173e-03	TGTGCGCCGCGGGTAGGTCCGGGAGGAGGAAACAAACTCACCTTT	CAPRVGPGGGNKLTF	TRAV13-1*01	.	TRAJ10*01	.	assemble532	0
2	2.033926e-03	TGTGCCAGCAGTCCAGCTAGCGGGGGCTACGAGCAGTACTTC	CASSPASGGYEQYF	TRBV6-5*01	TRBD2*01	TRBJ2-7*01	TRBC	assemble384	0
2	3.574173e-03	TGTGCCGTGAGCGGGGACAACTTCAACAAATTTTACTTT	CAVSGDNFNKFYF	TRAV12-2*01	.	TRAJ21*01	.	assemble563	0
2	2.033926e-03	TGTGCCAGCAGCCCCCCGGGACAGGGGATTGACGAGCAGTACTTC	CASSPPGQGIDEQYF	TRBV7-9*01	TRBD1*01	TRBJ2-7*01	TRBC	assemble518	0
2	5.405405e-02	TGTGCCTGTGACACCGCTACTGGGGGATTAAGCTCCTGGGACACCCGACAGATGTTTTTC	CACDTATGGLSSWDTRQMFF	TRDV2*01	TRDD3*01	TRDJ3*01	.	assemble399	0
2	3.574173e-03	TGTGCAGGCCGGTCCTACCGGGATAACTATGGTCAGAATTTTGTCTTT	CAGRSYRDNYGQNFVF	TRAV25*01	.	TRAJ26*01	.	assemble429	0
2	3.574173e-03	TGTGCCACAGAGCGGGGAGGCTTCAAAACTATCTTT	CATERGGFKTIF	TRAV12-2*01	.	TRAJ9*01	TRAC	assemble355	0
2	2.033926e-03	TGTGCCACCAGCAGGTTCGGGGGGGGGAGCTCCTACAATGAGCAGTTCTTC	CATSRFGGGSSYNEQFF	TRBV15*02	TRBD2*01	TRBJ2-1*01	TRBC	assemble178	0
2	2.033926e-03	TGTGCCAGTAGCCTACTACAGGAGAGCTCCTATAATTCACCCCTCCACTTT	CASSLLQESSYNSPLHF	TRBV19*01	TRBD1*01	TRBJ1-6*01	TRBC	assemble471	0
2	2.033926e-03	TGTGCCAGCAGTTTGATAGGAGGCCAAGAGACCCAGTACTTC	CASSLIGGQETQYF	TRBV27*01	TRBD2*02	TRBJ2-5*01	TRBC	assemble581	0
2	2.033926e-03	TGTGCCAGCAGTTTAGCAATCGGGGGACTTACAGATACGCAGTATTTT	CASSLAIGGLTDTQYF	TRBV12-3*01	TRBD2*01	TRBJ2-3*01	TRBC	assemble577	0
2	3.574173e-03	TGTGCTCTGGGAGGAGGTGCTGACGGACTCACCTTT	CALGGGADGLTF	TRAV9-2*01	.	TRAJ45*01	.	assemble142	0
2	2.033926e-03	TGCGCCAGCAGCCCGAGGACAACCTACGAGCAGTACTTC	CASSPRTTYEQYF	TRBV4-1*01	TRBD1*01	TRBJ2-7*01	TRBC	assemble449	0
2	1.388985e-02	TGTGCCACCTGGGACAGCCACGGGTGATCTATTATAAGAAACTCTTT	out_of_frame	TRGV5*01	.	TRGJ1*02	TRGC	assemble443	0
2	2.033926e-03	TGCGCCAGCAGCCAAGTCCCAGGGGGCGGTAGCGGGGAGCTGTTTTTT	CASSQVPGGGSGELFF	TRBV4-3*01	TRBD1*01	TRBJ2-2*01	TRBC	assemble198	0
2	3.574173e-03	TGTGCTTATAAGAGTGGTGCTACAAACAAGCTCATCTTT	CAYKSGATNKLIF	TRAV38-2/DV8*01	.	TRAJ32*02	TRAC	assemble308	0
2	3.574173e-03	TGTGCTACGGATGTTTATAACCAGGGAGGAAAGCTTATCTTC	CATDVYNQGGKLIF	TRAV17*01	.	TRAJ23*01	TRAC	assemble436	0
2	1.388985e-02	TGTGCTGCGTGGGATTTATCCAATTATTATAAGAAACTCTTT	CAAWDLSNYYKKLF	TRGV10*02	.	TRGJ1*02	TRGC	assemble373	0
2	1.388985e-02	TGTGCCTCCCCCAGGGAGGTAAGAAACTCTTT	out_of_frame	TRGV9*01	.	TRGJ1*02	TRGC	assemble167	0
2	3.574173e-03	TGTGCTGTCCAGTCATCAGGAGGAAGCTACATACCTACATTT	CAVQSSGGSYIPTF	TRAV1-2*01	.	TRAJ6*01	TRAC	assemble426	0
2	2.033926e-03	TGTGCCAGCAGCGTAGCTGCAGCCTCTAACTATGGCTACACCTTC	CASSVAAASNYGYTF	TRBV9*01	.	TRBJ1-2*01	TRBC	assemble347	0
2	3.574173e-03	TGTGCTGTGCAAGGAAGCCAAGGAAATCTCATCTTT	CAVQGSQGNLIF	TRAV20*01	.	TRAJ42*01	.	assemble269	0
2	3.574173e-03	TGTGCTGTGAACAATAACAATGACATGCGCTTT	CAVNNNNDMRF	TRAV3*01	.	TRAJ43*01	TRAC	assemble215	0
2	3.574173e-03	TGTGTGGTGAGCACGACCCCATGGAATATGGAAACAAACTGGTCTTT	out_of_frame	TRAV10*01	.	TRAJ47*01	.	assemble340	0
2	3.574173e-03	TGTGCAGCAAGCGCCATATGGGGTGGTACTAGCTATGGAAAGCTGACATTT	CAASAIWGGTSYGKLTF	TRAV29/DV5*01	.	TRAJ52*01	TRAC	assemble516	0
2	2.033926e-03	TGTGCCAGCAGCTTTGAGGGGGGGGAATACAATGAGCAGTTCTTC	CASSFEGGEYNEQFF	TRBV7-6*01	TRBD2*01	TRBJ2-1*01	TRBC	assemble421	0
2	3.574173e-03	TGTGTTGTGAGTCTAAGTACAGCAGTGCTTCCAAGATAATCTTT	out_of_frame	TRAV8-2*01	.	TRAJ3*01	TRAC	assemble259	0
2	2.033926e-03	TGTGCCAGCAGCCAACTGAAAGGGAATGTTTAGCGGGGGTCTCCTACAATGAGCAGTTCTTC	out_of_frame	TRBV3-1*01	TRBD2*01	TRBJ2-1*01	TRBC	assemble455	0
2	3.574173e-03	TGTGCTGTGGGGGAACGACTACAAGCTCAGCTTT	out_of_frame	TRAV1-2*01	.	TRAJ20*01	TRAC	assemble390	0
2	2.033926e-03	TGTGCCAGCAGCACGGGACTCGCCAACTACGAGCAGTACTTC	CASSTGLANYEQYF	TRBV5-6*01	TRBD2*01	TRBJ2-7*01	TRBC	assemble318	0
2	2.033926e-03	TGTGCCAGCAGTGACTCTAGCACAGATACGCAGTATTTT	CASSDSSTDTQYF	TRBV6-4*01	TRBD2*01	TRBJ2-3*01	TRBC	assemble248	0
2	2.033926e-03	TGTGCCAGCAGCCCGACAGACTCCTACGAGCAGTAC	CASSPTDSYEQY	TRBV16*01	TRBD1*01	TRBJ2-7*01	TRBC	assemble246	0
2	3.574173e-03	TGTGCTGTGAGTGATCTACAACACAGGTAACCAGTTCTATTTT	out_of_frame	TRAV8-6*01	.	TRAJ49*01	.	assemble433	0
2	3.574173e-03	TGTGCTGTGGAGCTGAGGACCACAGGAACCTACAAATACATCTTT	CAVELRTTGTYKYIF	TRAV22*01	.	TRAJ40*01	.	assemble567	0
2	2.033926e-03	TGTGCCAGCAGTTACAGCGGGGAGATAGATACGCAGTATTTT	CASSYSGEIDTQYF	TRBV6-5*01	TRBD1*01	TRBJ2-3*01	TRBC	assemble558	0
2	2.033926e-03	TGCGCCAGCAGCGGCGAGAATGAGCAGTTCTTC	CASSGENEQFF	TRBV5-1*01	TRBD2*01	TRBJ2-1*01	TRBC	assemble302	0
2	2.033926e-03	TGTGCCAGCAGTTTGGGCTCTCCCTATGGCTACACCTTC	CASSLGSPYGYTF	TRBV12-3*01	.	TRBJ1-2*01	TRBC	assemble285	0
2	3.574173e-03	TGTGCAGCGATCTTTTCTGGTGGCTACAATAAGCTGATTTTC	CAAIFSGGYNKLIF	TRAV23/DV6*01	.	TRAJ4*01	TRAC	assemble66	1
2	3.574173e-03	TGTGCTGTGAGAGACTGGACTGCAGGCAACAAGCTAACTTTT	CAVRDWTAGNKLTF	TRAV3*01	.	TRAJ17*01	.	assemble50	0
2	2.033926e-03	TGTGCCAGCAGGGTAGCGGGACTATTCTACAATGAGCAGTTCTTC	CASRVAGLFYNEQFF	TRBV6-2*01	TRBD2*02	TRBJ2-1*01	TRBC	assemble230	0
2	3.574173e-03	TGTGCAGGCATCCTAGACCAAACTGGGGCAAACAACCTCTTCTTT	CAGILDQTGANNLFF	TRAV27*01	.	TRAJ36*01	TRAC	assemble337	0
2	3.574173e-03	TGTGCAATGAGAGAGGAGGCCCCTGGTTCTGCAAGGCAACTGACATTT	CAMREEAPGSARQLTF	TRAV12-3*01	.	TRAJ22*01	TRAC	assemble374	0
2	3.574173e-03	TGTGCAATGAGCGCGAGTGGAGGTAGCAACTATAAACTGACATTT	CAMSASGGSNYKLTF	TRAV12-3*01	.	TRAJ53*01	.	assemble145	0
2	2.033926e-03	TGTGCCAGCAGCTTGTATTTAATGGAGGGAAAGGAGAGCAACATTCAGTACTTC	CASSLYLMEGKESNIQYF	TRBV5-6*01	TRBD1*01	TRBJ2-4*01	TRBC	assemble479	0
2	2.033926e-03	TGCGCCAGCAGCACAGCCGGGAATTACAATGAGCAGTTCTTC	CASSTAGNYNEQFF	TRBV5-1*01	TRBD2*02	TRBJ2-1*01	TRBC	assemble312	0
2	3.574173e-03	TGCATCGTCAGAGCCGACTCGTACAATAACAATGACATGCGCTTT	CIVRADSYNNNDMRF	TRAV26-1*01	.	TRAJ43*01	.	assemble122	0
2	3.574173e-03	TGTGCCGTGAACACTCGAGGTGGTGCTACAAACAAGCTCATCTTT	CAVNTRGGATNKLIF	TRAV12-2*01	.	TRAJ32*02	TRAC	assemble440	0
2	3.574173e-03	TGTGTCCCGCTTAGTGCTTCCAAGATAATCTTT	CVPLSASKIIF	TRAV12-1*01	.	TRAJ3*01	.	assemble463	0
2	3.574173e-03	TGTGCCGTGTCATCGTGGTCTGGTGGCTACAATAAGCTGATTTTT	CAVSSWSGGYNKLIF	TRAV12-2*01	.	TRAJ4*01	TRAC	assemble296	0
2	1.388985e-02	TGTGCCACCTGGGATTATAAGAAACTCTTT	CATWDYKKLF	TRGV8*01	.	TRGJ1*01	TRGC	assemble170	0
2	3.574173e-03	TGTGCTGTGACCTGTCGGTAACCAGTTCTATTTT	out_of_frame	TRAV21*01	.	TRAJ49*01	.	assemble407	0
2	2.033926e-03	TGTGCCAGCAGCCCTGGTTCACCGGACAGAGCTAGCACAGATACGCAGTATTTT	CASSPGSPDRASTDTQYF	TRBV6-4*01	TRBD1*01	TRBJ2-3*01	TRBC	assemble526	0
2	1.388985e-02	TGTGCCACCTGGGATGAAGGTGGTGACTCTTT	out_of_frame	TRGV4*01	.	TRGJ1*02	TRGC	assemble377	0
2	2.033926e-03	TGCAGCGCCAGATTTGCGGCCACTGAAGCTTTCTTT	CSARFAATEAFF	TRBV29-1*03	.	TRBJ1-1*01	TRBC	assemble371	0
2	2.033926e-03	TGTGCCAGTAGTACAACTAGCGGGAGTCTGGATACGCAGTATTTT	CASSTTSGSLDTQYF	TRBV19*01	TRBD2*02	TRBJ2-3*01	TRBC	assemble282	0
2	2.033926e-03	TGTGCCAGCAGTGTGACTAGCGGGAGTCCCAATGAGCAGTTCTTC	CASSVTSGSPNEQFF	TRBV6-4*01	TRBD2*02	TRBJ2-1*01	TRBC	assemble153	0
2	3.574173e-03	TGCCTCGTGGGTGAGAGGGAACAACAGACTCGCTTTT	out_of_frame	TRAV4*01	.	TRAJ7*01	TRAC	assemble353	0
2	2.033926e-03	TGCAGTGCGGAGGACACCATATATTTT	CSAEDTIYF	TRBV20-1*01	TRBD1*01	TRBJ1-3*01	TRBC	assemble450	0
2	2.033926e-03	TGTGCCAGCAGCTTAGGACAGGCCTACGAGCAGTACTTC	CASSLGQAYEQYF	TRBV7-8*01	TRBD1*01	TRBJ2-7*01	TRBC	assemble305	0
2	2.033926e-03	TGTGCCAGCAGCCCGTATTCGGAGGAGCAGTACTTC	CASSPYSEEQYF	TRBV28*01	TRBD2*02	TRBJ2-7*01	TRBC	assemble250	0
2	1.388985e-02	TGTGCCACCTGGGATGGGAGTATAAGAAACTCTTT	out_of_frame	TRGV8*01	.	TRGJ1*02	TRGC	assemble520	0
2	3.574173e-03	TGTGCAGGAGCAGCCGGTAACCAGTTCTATTTT	CAGAAGNQFYF	TRAV27*01	.	TRAJ49*01	TRAC	assemble212	0
2	2.033926e-03	TGCGCCAGCAGTAGGGCGGACGGGGAGCTGTTTTTT	CASSRADGELFF	TRBV4-3*01	TRBD1*01	TRBJ2-2*01	TRBC	assemble265	0
2	3.574173e-03	TGTGCCGTGGGGCAAACGGGAAGCTACATACCTACATTT	CAVGQTGSYIPTF	TRAV12-2*01	.	TRAJ6*01	TRAC	assemble143	0
2	2.033926e-03	TGTGCCAGCAGCCCTTCTCGCTCGGGCACAGATACGCAGTATTTT	CASSPSRSGTDTQYF	TRBV4-2*01	.	TRBJ2-3*01	TRBC	assemble361	0
2	2.033926e-03	TGTGCCAGCAGTTACTATGGGGGCACTGAAGCTTTCTTT	CASSYYGGTEAFF	TRBV6-6*01	TRBD1*01	TRBJ1-1*01	TRBC	assemble339	0
2	3.574173e-03	TGTGCTTTCACCGATAATAATGCAGGCAACATGCTCACCTTT	CAFTDNNAGNMLTF	TRAV38-1*01	.	TRAJ39*01	.	assemble492	0
2	3.574173e-03	TGTGTGGTGAGCGCGAGAGGAGGAGGAAGCTACATACCTACATTT	CVVSARGGGSYIPTF	TRAV10*01	.	TRAJ6*01	TRAC	assemble501	0
2	5.405405e-02	TGTGCCTGTGACACCGTCGCGCCGGGCACCGATAAACTCATCTTT	CACDTVAPGTDKLIF	TRDV2*01	.	TRDJ1*01	.	assemble341	0
2	2.033926e-03	TGTGCCAGCAGCCCAGAGGTCAATTCACCCCTCCACTTT	CASSPEVNSPLHF	TRBV9*01	.	TRBJ1-6*01	TRBC	assemble493	0
2	2.033926e-03	TGTGCCAGCTCACCCACCGGGGACCCCAGGGGCAAAGAGACCCAGTACTTC	CASSPTGDPRGKETQYF	TRBV18*01	TRBD1*01	TRBJ2-5*01	TRBC	assemble381	0
2	2.033926e-03	TGTGCCAGCAGCTTACCGACTAGCGGGAGAGATACGCAGTATTTT	CASSLPTSGRDTQYF	TRBV7-9*01	TRBD2*02	TRBJ2-3*01	TRBC	assemble588	0
2	5.405405e-02	TGTGCCTGTGACACCGGGGGATGGAGCTCCTGGGACACCCGACAGATGTTTTTC	CACDTGGWSSWDTRQMFF	TRDV2*01	TRDD3*01	TRDJ3*01	TRDC	assemble159	0
2	1.388985e-02	TGTGCTGCGTGGTATACCACTGGTTGGTTCAAGATATTT	CAAWYTTGWFKIF	TRGV10*01	.	TRGJP1*01	TRGC	assemble231	0
2	3.574173e-03	TGTGCTCTGAGTGCCTCGGTGGTGCTACAAACAAGCTCATCTTT	out_of_frame	TRAV19*01	.	TRAJ32*02	TRAC	assemble459	0
2	2.033926e-03	TGCAGTGCTAGAGCCCCATCGGGAGCTTTCGCGGCGAACACCGGGGAGCTGTTTTTT	CSARAPSGAFAANTGELFF	TRBV20-1*01	TRBD2*02	TRBJ2-2*01	TRBC	assemble260	0
2	2.033926e-03	TGCAGTGCTAGAGACAGGGGGGACACTGAAGCTTTCTTT	CSARDRGDTEAFF	TRBV20-1*01	TRBD1*01	TRBJ1-1*01	TRBC	assemble486	0
2	2.033926e-03	TGTGCCTGGAGTGGACTAGTGGGAGCAGATACGCAGTATTTT	CAWSGLVGADTQYF	TRBV30*01	TRBD2*02	TRBJ2-3*01	TRBC	assemble405	0
2	2.033926e-03	TGTGCCAGCAGCTCCCCATCCAACTCTGGAAACACCATATATTTT	CASSSPSNSGNTIYF	TRBV13*01	.	TRBJ1-3*01	TRBC	assemble187	0
2	2.033926e-03	TGCGCCAGCAGCCCCTCCCGGGAGTTCAACGAGCAGTACTTC	CASSPSREFNEQYF	TRBV4-1*01	TRBD2*02	TRBJ2-7*01	TRBC	assemble234	0
2	1.388985e-02	TGTGCCACCTGGGTCCGGTGGTTATAAGAAACTCTTT	out_of_frame	TRGV8*01	.	TRGJ1*02	TRGC	assemble437	0
2	1.388985e-02	TGTGCCACCTGGGATGGGCGAATTATTATAAGAAACTCTTT	out_of_frame	TRGV4*02	.	TRGJ1*01	TRGC	assemble412	0
2	1.388985e-02	TGTGCCACCTGGGCCTCCTTCTAAGAAACTCTTT	out_of_frame	TRGV8*01	.	TRGJ1*02	TRGC	assemble711	0
2	3.574173e-03	TGCTGGCAACAACCGTAAGCTGATTTAG	out_of_frame	TRAV27*01	.	TRAJ38*01	TRAC	assemble245	0
2	3.574173e-03	TGTGCAGCAAGTTACTTT	CAASYF	TRAV13-1*01	.	TRAJ48*01	.	assemble378	0
2	2.033926e-03	TGTGCCAGCACCCTAAGGACAGAGCCGTCTCAGCCCCAGCATTTT	CASTLRTEPSQPQHF	TRBV4-2*02	TRBD1*01	TRBJ1-5*01	TRBC	assemble239	0
2	2.033926e-03	TGTGCCAGCAGTTACCGGGACAACTATGGCTACACCTTC	CASSYRDNYGYTF	TRBV6-2*01	TRBD1*01	TRBJ1-2*01	TRBC	assemble232	0
2	1.388985e-02	TGTGCTGCCCAAGAAACTCTTT	out_of_frame	TRGV10*01	.	TRGJ1*02	TRGC	assemble416	0
2	2.033926e-03	TGTGCCAGCAGCTTGTGGGCCGGAAACACTGAAGCTTTCTTT	CASSLWAGNTEAFF	TRBV27*01	.	TRBJ1-1*01	TRBC	assemble320	0
2	2.033926e-03	TGCACCAGCAGCCAAGAGAGGACAGCCGCCTTGAGGAACACTGAAGCTTTCTTT	CTSSQERTAALRNTEAFF	TRBV3-1*01	TRBD1*01	TRBJ1-1*01	TRBC	assemble398	0
2	3.574173e-03	TGTGCTGTCCCATGGGTCGGGAGGCTTCAAAACTATCTTT	out_of_frame	TRAV8-6*01	.	TRAJ9*01	TRAC	assemble169	0
2	1.388985e-02	TGTGCCACCTGGGACGGGCCTAAGAAACTCTTT	CATWDGPKKLF	TRGV2*01	.	TRGJ1*02	TRGC	assemble173	0
2	5.405405e-02	TGTGCCTGTGACCCCGTACTGGGGGATACGAACACCGATAAACTCATCTTT	CACDPVLGDTNTDKLIF	TRDV2*01	TRDD3*01	TRDJ1*01	TRDC	assemble207	0
2	3.574173e-03	TGTGCTCTGAGTGAGACGTCTTCTGGTTCTGCAATGCAACTGACCTTT	CALSETSSGSAMQLTF	TRAV19*01	.	TRAJ22*01	.	assemble233	0
2	3.574173e-03	TGTGCCGTGTGGCAAACGGGAAGCTACATACCTACATTT	CAVWQTGSYIPTF	TRAV12-2*01	.	TRAJ6*01	TRAC	assemble143	0
2	3.574173e-03	TGTGCAGGTCATAATAATGCAGGCAACATGCTCACCTTT	CAGHNNAGNMLTF	TRAV29/DV5*01	.	TRAJ39*01	.	assemble464	0
2	3.574173e-03	TGTGCCTCAACCTTTAATGCAGGCAACATGCTCACCTTT	CASTFNAGNMLTF	TRAV24*01	.	TRAJ39*01	TRAC	assemble263	0
2	2.033926e-03	TGTGCCAGCAGTTATAGCCACGGGCCGGCTCGATTCGGGGAGCTGTTTTTT	CASSYSHGPARFGELFF	TRBV6-5*01	TRBD2*01	TRBJ2-2*01	TRBC	assemble461	0
2	2.033926e-03	TGCAGCGTTGATACGCTAGGGAAGAACAATGAGCAGTTCTTC	CSVDTLGKNNEQFF	TRBV29-1*01	.	TRBJ2-1*01	TRBC	assemble306	0
2	3.574173e-03	TGTCTTCTGGGAGCCAGTGGTGCTACAAACAAGCTCATCTTT	CLLGASGATNKLIF	TRAV40*01	.	TRAJ32*02	.	assemble238	0
2	3.574173e-03	TGTGCTGCGAATTCAGGATACAGCACCCTCACCTTT	CAANSGYSTLTF	TRAV19*01	.	TRAJ11*01	TRAC	assemble240	0
2	1.388985e-02	TGTGCTGCGTGGGATCAGAGACCCGGGGGCGGGGATTATTATAAGAAACTCTTT	CAAWDQRPGGGDYYKKLF	TRGV10*02	.	TRGJ1*02	TRGC	assemble462	0
2	1.388985e-02	TGTGCTGCGTGGGATTTACCCTATAAGAAACTCTTT	CAAWDLPYKKLF	TRGV10*02	.	TRGJ1*02	TRGC	assemble428	0
2	3.574173e-03	TGTGTGGGTGAAGGCTATGGTCAGAATTTTGTCTTT	CVGEGYGQNFVF	TRAV12-1*01	.	TRAJ26*01	TRAC	assemble278	0
2	2.033926e-03	TGTGCCAGCAGTGACGGGACAGACACAGATACGCAGTATTTT	CASSDGTDTDTQYF	TRBV6-4*01	TRBD1*01	TRBJ2-3*01	TRBC	assemble313	0
2	3.574173e-03	TGTGCAGCAACGGCCAACAATGCCAGACTCATGTTT	CAATANNARLMF	TRAV13-1*01	.	TRAJ31*01	.	assemble242	0
2	3.574173e-03	TGTGCTGTGATGTATAGCAGCTATAAATTGATCTTC	CAVMYSSYKLIF	TRAV1-2*01	.	TRAJ12*01	TRAC	assemble718	0
2	2.033926e-03	TGTGCCAGCAGTTGGGGCAGCCAAGAGACCCAGTACTTC	CASSWGSQETQYF	TRBV28*01	TRBD1*01	TRBJ2-5*01	TRBC	assemble411	0
2	2.033926e-03	TGTGCCAGCAGGATTATTGGACTAGCGGGAATCGACGAGCAGTACTTC	CASRIIGLAGIDEQYF	TRBV5-6*01	TRBD2*02	TRBJ2-7*01	TRBC	assemble367	0
2	1.388985e-02	TGTGCTGCGTAGAAATTGATTATTATAAGAAACTCTTT	out_of_frame	TRGV10*01	.	TRGJ1*01	TRGC	assemble360	0
2	2.033926e-03	TGTGCCACCAGTGACCGGGACAGGGACACCGGGGAGCTGTTTTTT	CATSDRDRDTGELFF	TRBV24-1*01	TRBD1*01	TRBJ2-2*01	TRBC	assemble226	0
2	2.033926e-03	TGTGCCAGCAGTCCGCCAGGGCAGGGCTACACCTTC	CASSPPGQGYTF	TRBV28*01	TRBD1*01	TRBJ1-2*01	TRBC	assemble434	0
2	3.574173e-03	TGTGCAGCTCCCTATTCTGGGGGTTACCAGAAAGTTACCTTG	CAAPYSGGYQKVTL	TRAV13-1*01	.	TRAJ13*01	.	assemble716	0
2	2.033926e-03	TGCAGTGCGGACCCGGGCAGCCTTATCGGGGCAGATACGCAGTATTTT	CSADPGSLIGADTQYF	TRBV20-1*01	TRBD1*01	TRBJ2-3*01	TRBC	assemble261	0
2	2.033926e-03	TGCGCCAGCAGCCAAGATCGAGGAGCGAACACTGAAGCTTTCTTT	CASSQDRGANTEAFF	TRBV4-3*01	.	TRBJ1-1*01	TRBC	assemble545	0
2	2.033926e-03	TGCGCCAGCAGCCGGGGACTAGCGGGAGCAGATACGCAGTATTTT	CASSRGLAGADTQYF	TRBV4-3*01	TRBD2*02	TRBJ2-3*01	TRBC	assemble324	0
2	3.574173e-03	TGTGCTTATAGGAGCCGTTATAACTATGGTCAGAATTTTGTCTTT	CAYRSRYNYGQNFVF	TRAV38-2/DV8*01	.	TRAJ26*01	.	assemble420	0
2	1.388985e-02	TGTGCCACCTGGGACGCGAAATTATAAGAAACTCTTT	out_of_frame	TRGV2*01	.	TRGJ1*01	TRGC	assemble565	0
2	2.033926e-03	TGCGCCAGCAGCCAAGACCCCGGAAGGGCCGAAGTCAATGAGCAGTTCTTC	CASSQDPGRAEVNEQFF	TRBV4-3*01	TRBD2*02	TRBJ2-1*01	TRBC	assemble277	0
2	2.033926e-03	TGCAGTGCTAGAGACCCGGGACAGGCATCCGTGACCCAGTACTTC	CSARDPGQASVTQYF	TRBV20-1*01	TRBD1*01	TRBJ2-5*01	TRBC	assemble304	0
2	1.388985e-02	TGTGCTGCGTGGGATTTACACACTGGTTGGTTCAAGATATTT	CAAWDLHTGWFKIF	TRGV10*02	.	TRGJP1*01	TRGC	assemble323	0
2	3.574173e-03	TGTGCCCTCAGTGCTTCCAAGATAATCTTT	CALSASKIIF	TRAV12-2*02	.	TRAJ3*01	.	assemble335	0
2	3.574173e-03	TGTGTGGTGAGGCCTAACGACTACAAGCTCAGCTTT	CVVRPNDYKLSF	TRAV12-1*01	.	TRAJ20*01	TRAC	assemble366	0
2	3.574173e-03	TGTGCTTTCATGGATAGCAACTATCAGTTAATCTGG	CAFMDSNYQLIW	TRAV1-2*01	.	TRAJ33*01	TRAC	assemble279	0
2	1.388985e-02	TGTGCCACCTGCTATTATAAGAAACTCTTT	CATCYYKKLF	TRGV4*01	.	TRGJ1*02	TRGC	assemble253	0
2	3.574173e-03	TGTGCTTTCGACTCAAATTCCGGGTATGCACTCAACTTC	CAFDSNSGYALNF	TRAV38-1*01	.	TRAJ41*01	TRAC	assemble292	0
2	3.574173e-03	TGTGCTTATAGGAGCGCGAACTATGGTCAGAATTTTGTCTTT	CAYRSANYGQNFVF	TRAV38-2/DV8*01	.	TRAJ26*01	TRAC	assemble201	0
2	3.574173e-03	TTCAGGGGGTCACGGGAGGAGGAAACAAACTCACCT	FRGSREEETNSP	TRAV10*01	.	TRAJ10*01	.	assemble130	0
2	2.033926e-03	TGTGCCAGCAGTGACAGCTCTGGGGCCAACGTCCTGACTTTC	CASSDSSGANVLTF	TRBV6-2*01	TRBD1*01	TRBJ2-6*01	TRBC	assemble522	0
2	3.574173e-03	TGTGCCGTGAAGTCTGGGGCTGGGAGTTACCAACTCACTTTC	CAVKSGAGSYQLTF	TRAV12-2*01	.	TRAJ28*01	TRAC	assemble406	0
2	1.388985e-02	TGTGCCACCTGGGACACGGGGGTATAAGAAACTCTTT	out_of_frame	TRGV5*01	.	TRGJ1*02	TRGC	assemble131	0
2	1.388985e-02	TGTGCCACCTGGGACAGGCTCGAATTATTATAAGAAACTCTTT	out_of_frame	TRGV5*01	.	TRGJ1*02	TRGC	assemble336	0
2	1.388985e-02	TGTGCTGCGTGGGAATATACCACTGGTTGGTTCAAGATATTT	CAAWEYTTGWFKIF	TRGV10*02	.	TRGJP1*01	TRGC	assemble280	0
2	3.574173e-03	TGTGCAATGAGAGAGCCGCCCGAAGGAGGCTTCAAAACTATCTTT	CAMREPPEGGFKTIF	TRAV14/DV4*01	.	TRAJ9*01	.	assemble255	0
2	2.033926e-03	TGTGCCAGCTCAGACAGTCCGAGCTCTGGAAACACCATATATTTT	CASSDSPSSGNTIYF	TRBV19*01	TRBD1*01	TRBJ1-3*01	TRBC	assemble299	0
2	2.033926e-03	TGTGCCAGCAGCCAAGATCTTGCTAGCGGGGATTTGCGGGAGACCCAGTACTTC	CASSQDLASGDLRETQYF	TRBV3-1*01	TRBD2*02	TRBJ2-5*01	TRBC	assemble258	0
2	3.574173e-03	TGTGCTCTGAGTGGGGGCGACTACAAGCTCAGCTTT	CALSGGDYKLSF	TRAV9-2*01	.	TRAJ20*01	.	assemble256	0
2	2.033926e-03	TGCAGTGCCCCACCCCGAGACCAGGTACCCCCGGATACGCAGTATTTT	CSAPPRDQVPPDTQYF	TRBV20-1*01	.	TRBJ2-3*01	TRBC	assemble271	0
2	1.388985e-02	TGTGCCACCTGGGACGGGCAAGAAACTCTTT	out_of_frame	TRGV2*01	.	TRGJ1*02	TRGC	assemble344	0
2	2.033926e-03	TGTGCCAGCAGTGCAGAGGGCTATGCGGGAGCCGGGGAGCTGTTTTTT	CASSAEGYAGAGELFF	TRBV7-8*01	TRBD1*01	TRBJ2-2*01	TRBC	assemble329	0
2	2.033926e-03	TGCAGCGTTGAAGGGGCGCAGGGTCATTCTTGGGGGCCCTCCTACAATGAGCAGTTC	CSVEGAQGHSWGPSYNEQF	TRBV29-1*01	TRBD1*01	TRBJ2-1*01	TRBC	assemble37	0
2	2.033926e-03	TGTGCCAGCAGCTTAGAGGACTATGGCTACACCTTC	CASSLEDYGYTF	TRBV11-2*01	TRBD2*01	TRBJ1-2*01	TRBC	assemble315	0
2	3.574173e-03	TGTGTGGTGAGCGCGGAAACTGGGGCAAACAACCTCTTCTTT	CVVSAETGANNLFF	TRAV10*01	.	TRAJ36*01	TRAC	assemble303	0
2	1.388985e-02	TGTGCCACCTGGGATGGGCCCGGTGATTGGATCAAGACGTTT	CATWDGPGDWIKTF	TRGV4*01	.	TRGJP2*01	TRGC	assemble451	0
2	2.033926e-03	TGTGCCAGCAGTGAGGCTAGCGGGAGGTACAATGAGCAGTTCTTC	CASSEASGRYNEQFF	TRBV6-4*01	TRBD2*02	TRBJ2-1*01	TRBC	assemble153	0
1	1.284811e-02	TGTGCCACCTGGGACAAACCCGGATATAAGAAACTCTTT	CATWDKPGYKKLF	TRGV5*01	.	TRGJ1*02	TRGC	assemble2	1
1	1.041739e-02	TGTGCCTTGTGGGAGGTCGAAGAGTTGGGCAAAAAAATCAAGGTATTT	CALWEVEELGKKIKVF	TRGV9*01	.	TRGJP*01	TRGC	assemble36	0
1	2.358954e-03	TGTGCTGTCTTGGATAGCAACTATCAGTTAATCTGG	CAVLDSNYQLIW	TRAV1-2*01	.	TRAJ33*01	TRAC	assemble6	1
1	2.358954e-03	TGTGCTGTGAAGGATAGCAACTATCAGTTAATCTGG	CAVKDSNYQLIW	TRAV1-2*01	.	TRAJ33*01	TRAC	assemble6	1
1	2.358954e-03	TGTGCTGTGATGGACAGCAACTATCAGTTAATCTGG	CAVMDSNYQLIW	TRAV1-2*01	.	TRAJ33*01	TRAC	assemble6	1
1	2.090891e-03	TGTGCTATGAAGAATAGCAACTATCAGTTAATCTGG	CAMKNSNYQLIW	TRAV1-2*01	.	TRAJ33*01	TRAC	assemble6	1
1	2.055149e-03	TGTGCCCCTATGGATAGCAACTATCAGTTAATCTGG	CAPMDSNYQLIW	TRAV1-2*01	.	TRAJ33*01	TRAC	assemble6	1
1	3.054054e-02	TGTGCCTGAGACACCGTTGGGAGTGTTGCCACCGATAAACTCATCTTT	CA_DTVGSVATDKLIF	TRDV2*02	.	TRDJ1*01	TRDC	assemble13	1
1	1.016963e-03	TGTGCCAGCAGTGAAACCGGGACTAGCGGGGCAGATACGCAGTATTTT	CASSETGTSGADTQYF	TRBV6-4*01	TRBD2*01	TRBJ2-3*01	TRBC	assemble357	0
1	1.016963e-03	TGTGCCAGCAGCCCGGCGGCAAATCAGCCCCAGCATTTT	CASSPAANQPQHF	TRBV7-8*01	.	TRBJ1-5*01	TRBC	assemble706	0
1	6.944927e-03	TGTGCCACCTGGGACAGCCGAATTATTATAAGAAACTCTTT	out_of_frame	TRGV2*02	.	TRGJ1*02	TRGC	assemble530	0
1	1.787087e-03	TGCCTCGTGGGTGAAAGGTCCGGAGGCTTCAAAACTATCTTT	CLVGERSGGFKTIF	TRAV4*01	.	TRAJ9*01	.	assemble728	0
1	6.944927e-03	TGTGCCACCTGGGACGGGCGGGTGGTTATAAGAAACTCTTT	out_of_frame	TRGV2*01	.	TRGJ1*02	TRGC	assemble553	0
1	1.787087e-03	TGTGCTCTGAGTGATCACAACTATGGTCAGAATTTTGTCTTT	CALSDHNYGQNFVF	TRAV19*01	.	TRAJ26*01	TRAC	assemble759	0
1	1.016963e-03	TGTGCCACCAGTGATTTGCATTCAGAGGTTTCGGAGCAGTTCTTC	CATSDLHSEVSEQFF	TRBV24-1*01	.	TRBJ2-1*01	TRBC	assemble183	0
1	1.016963e-03	TGTGCCACCAGCGAAGAGGAGGGTATCTATGGCTACACCTTC	CATSEEEGIYGYTF	TRBV15*02	TRBD2*02	TRBJ1-2*01	TRBC	assemble698	0
1	1.016963e-03	TGCGCCAGCAGCTTGGCCGGCGGCTACACTGAAGCTTTCTTT	CASSLAGGYTEAFF	TRBV5-1*01	TRBD2*01	TRBJ1-1*01	TRBC	assemble117	0
1	1.787087e-03	TGTGCTGTGCAGGCAAGCCAAGGAAATCTCATCTTT	CAVQASQGNLIF	TRAV20*01	.	TRAJ42*01	.	assemble269	0
1	1.016963e-03	TGCGCCAGCAGCCAAGGGGACGGGGGGAACACTGAAGCTTTCTTT	CASSQGDGGNTEAFF	TRBV4-3*01	TRBD1*01	TRBJ1-1*01	TRBC	assemble669	0
1	1.016963e-03	TGTGCCAGCACCGAATGGGAGGGGGTCCGGGAGACCCAGTACTTC	CASTEWEGVRETQYF	TRBV6-1*01	TRBD2*02	TRBJ2-5*01	TRBC	assemble557	0
1	1.016963e-03	TGTGCCAGCAGTACCGAGGTGTGGACTGAAGCTTTCTTT	CASSTEVWTEAFF	TRBV6-6*01	TRBD1*01	TRBJ1-1*01	TRBC	assemble339	0
1	1.016963e-03	TGTGCCAGCGGGCCCGCCTACGAGCAGTACTTC	CASGPAYEQYF	TRBV11-1*01	TRBD1*01	TRBJ2-7*01	TRBC	assemble447	0
1	1.016963e-03	TGTGCCAGCAGCGAGGGGGGGGGCCCAGAATACGAGCAGTACTTC	CASSEGGGPEYEQYF	TRBV9*01	TRBD2*01	TRBJ2-7*01	TRBC	assemble622	0
1	1.787087e-03	TGTGCAATGAGAGAGGAGGCCCCCTTTACCGACTACAAGCTCAGCTTT	CAMREEAPFTDYKLSF	TRAV14/DV4*02	.	TRAJ13*01	TRAC	assemble174	0
1	1.016963e-03	TGTGCCAGCAGTCTAAGGACAGGGGGAGGCGAGCAGTACTTC	CASSLRTGGGEQYF	TRBV28*01	TRBD1*01	TRBJ2-7*01	TRBC	assemble675	0
1	1.787087e-03	TGTGCAATGACAGTGTATTCAGGAGGAGGTGCTGACGGACTCACCTTT	CAMTVYSGGGADGLTF	TRAV12-3*01	.	TRAJ45*01	TRAC	assemble660	0
1	1.787087e-03	TGTGCTCTAGTTAGCAATTCCGGGTATGCACTCAACTTC	CALVSNSGYALNF	TRAV6*01	.	TRAJ41*01	TRAC	assemble641	0
1	1.016963e-03	TGTGCCAGCAGCTTAGGGGCCGGGGGGTGGAACCAAGAGACCCAGTACTTC	CASSLGAGGWNQETQYF	TRBV13*01	TRBD2*01	TRBJ2-5*01	TRBC	assemble480	0
1	1.787087e-03	TGTGCCTTTATACAGTCCGCTTCTGGGGCTGGGAGTTACCAACTCACTTTC	CAFIQSASGAGSYQLTF	TRAV24*01	.	TRAJ28*01	.	assemble670	0
1	1.016963e-03	TGTGCCAGCAGCGTAGCAGGGGGCGGTGAGCAGTTCTTC	CASSVAGGGEQFF	TRBV9*01	TRBD2*01	TRBJ2-1*01	TRBC	assemble693	0
1	1.016963e-03	TGTGCCAGCAGGCCTTCTCCGGGCAAGACGTCCGGAAACACCATATATTTT	CASRPSPGKTSGNTIYF	TRBV7-9*01	.	TRBJ1-3*01	TRBC	assemble619	0
1	1.787087e-03	TGTGCCACAAATACTGGAGGCTTCAAAACTATCTTT	CATNTGGFKTIF	TRAV24*01	.	TRAJ9*01	.	assemble457	0
1	1.016963e-03	TGTGCCATCAGGGAGGGGACTAGCGGACCTAACTACGAGCAGTACTTC	CAIREGTSGPNYEQYF	TRBV10-3*01	TRBD2*01	TRBJ2-7*01	TRBC	assemble424	0
1	1.016963e-03	TGCAGTGCTAGAGATCAGGAGCGGGGGGGCGACACCGGGGAGCTGTTTTTT	CSARDQERGGDTGELFF	TRBV20-1*01	TRBD2*01	TRBJ2-2*01	TRBC	assemble820	0
1	6.944927e-03	TGTGCCACCTGGGACAGGCCCCGTGTATAAGAAACTCTTT	out_of_frame	TRGV5*01	.	TRGJ1*02	TRGC	assemble613	0
1	1.787087e-03	TGTGCACTAATTAGGCGAGCTGCAGGCAACAAGCTAACTTTT	CALIRRAAGNKLTF	TRAV27*01	.	TRAJ17*01	.	assemble514	0
1	1.787087e-03	TGTGCAGACCAAACTGGGGCAAACAACCTCTTCTTT	CADQTGANNLFF	TRAV5*01	.	TRAJ36*01	.	assemble592	0
1	1.016963e-03	TGTGCCAGTAGTATAGGACAGGGGTACAATGAGCAGTTCTTC	CASSIGQGYNEQFF	TRBV19*01	TRBD1*01	TRBJ2-1*01	TRBC	assemble690	0
1	6.944927e-03	TGTGCTGCGTGGGCCCAAAGAAACTCTTT	out_of_frame	TRGV10*01	.	TRGJ1*02	TRGC	assemble28	0
1	1.016963e-03	TGTGCCAGCAGCAGAACTAGCGGGTCCTACCTTTACGAGCAGTACTTC	CASSRTSGSYLYEQYF	TRBV27*01	TRBD2*01	TRBJ2-7*01	TRBC	assemble682	0
1	1.016963e-03	TGTGCCTGGAGACGAGGCGGCGGACCCAACGTCCTGACTTTC	CAWRRGGGPNVLTF	TRBV30*01	.	TRBJ2-6*01	TRBC	assemble524	0
1	1.016963e-03	TGTGCCAGCAGTGAAGGCACTGAAGCTTTCTTT	CASSEGTEAFF	TRBV2*01	.	TRBJ1-1*01	TRBC	assemble750	0
1	1.016963e-03	TGTGCCAGTGCAGACAGGGAGACCTCCTACTAGCAGTACTTC	CASADRETSY_QYF	TRBV19*01	TRBD1*01	TRBJ2-7*01	TRBC	assemble784	0
1	6.944927e-03	TGTGCCTCGAATTATTATAAGAAACTCTTT	CASNYYKKLF	TRGV2*02	.	TRGJ1*01	TRGC	assemble527	0
1	1.016963e-03	TGTGCCAGCAGCTTAAATTTCCGGGACAGGGAGGACAATGAGCAGTTCTTC	CASSLNFRDREDNEQFF	TRBV7-6*01	TRBD1*01	TRBJ2-1*01	TRBC	assemble687	0
1	1.787087e-03	TGCCTCGTGGGTGGGTCTTAATAATGCAGGCAACATGCTCACCTTT	out_of_frame	TRAV4*01	.	TRAJ39*01	.	assemble648	0
1	9.090909e-02	TGCATGCAAGCTCTACAAACTTGTGGACGTTC	out_of_frame	IGKV2-28*01	.	IGKJ1*01	IGKC	assemble691	0
1	1.787087e-03	TGTGCAGGAGCTCTTGGAAACAAACTGGTCTTT	CAGALGNKLVF	TRAV27*01	.	TRAJ47*01	TRAC	assemble615	0
1	1.016963e-03	TGTGCCAGCAGTGGGGCAGGCGACACCGGGGAGCTGTTTTTT	CASSGAGDTGELFF	TRBV6-4*01	TRBD1*01	TRBJ2-2*01	TRBC	assemble656	0
1	1.787087e-03	TGCATCCTTGCCGGCCCTGGTTCTGCAAGGCAACTGACCTTT	CILAGPGSARQLTF	TRAV26-2*01	.	TRAJ22*01	.	assemble756	0
1	1.016963e-03	TGTGCCAGCAGCGTGGGCGGGAGTTTCACAGATACGCAGTATTTT	CASSVGGSFTDTQYF	TRBV9*01	TRBD2*02	TRBJ2-3*01	TRBC	assemble731	0
1	1.016963e-03	TGCAGTGCTAGAGATGTGGGGGCCTCCTACGAGCAGTACTTC	CSARDVGASYEQYF	TRBV20-1*01	TRBD1*01	TRBJ2-7*01	TRBC	assemble548	0
1	1.016963e-03	TGCGCCAGCAGCAACAGCGGGAACTACAATGAGCAGTTCTTC	CASSNSGNYNEQFF	TRBV5-1*01	TRBD1*01	TRBJ2-1*01	TRBC	assemble758	0
1	1.016963e-03	TGCGCCAGCAGCCAAGAACGGTTGGAGGTTCCCTACGAGCAGTACTTC	CASSQERLEVPYEQYF	TRBV4-3*01	TRBD2*02	TRBJ2-7*01	TRBC	assemble678	0
1	1.016963e-03	TGCGCCAGCAGCTTGGGCAGGGGGAACACTGAAGCTTTCTTT	CASSLGRGNTEAFF	TRBV5-1*01	TRBD2*01	TRBJ1-1*01	TRBC	assemble117	0
1	1.016963e-03	TGCAGTGCAAGAGGCCGGGACAGGGCTGTTCGTCCGGAGACCCAGTACTTC	CSARGRDRAVRPETQYF	TRBV20-1*01	TRBD1*01	TRBJ2-5*01	TRBC	assemble836	0
1	1.016963e-03	TGTGCCAGCAGCCCGGGACAGGACGCCTACAATGAGCAGTTCTTC	CASSPGQDAYNEQFF	TRBV6-6*01	TRBD1*01	TRBJ2-1*01	TRBC	assemble791	0
1	2.702703e-02	TGTGCCTGTGACACCGTACTGGGCGAAAGCTCCTGGGACACCAGACAGATGTTTTTC	CACDTVLGESSWDTRQMFF	TRDV2*01	TRDD3*01	TRDJ3*01	.	assemble700	0
1	1.016963e-03	TGTGCCAGCAGTGAATGGGGAGGGGGTGCCTACGAGCAGTACTTC	CASSEWGGGAYEQYF	TRBV25-1*01	TRBD2*02	TRBJ2-7*01	TRBC	assemble598	0
1	1.016963e-03	TGTGCCACCAGCAGAGATCGGGTAGCGGGGGGGTACAATGAGCAGTTCTTC	CATSRDRVAGGYNEQFF	TRBV15*02	TRBD2*01	TRBJ2-1*01	TRBC	assemble102	0
1	1.016963e-03	TGCGCCAGCAGCCAAGGCGCGGGAGCGCATCAGCCCCAGCATTTT	CASSQGAGAHQPQHF	TRBV4-1*01	TRBD2*02	TRBJ1-5*01	TRBC	assemble90	0
1	1.787087e-03	TGCATCCTGAGAGATTATCAAACTGGGGCAAACAACCTCTTCTTT	CILRDYQTGANNLFF	TRAV26-2*01	.	TRAJ36*01	.	assemble191	0
1	1.016963e-03	TGTGCCAGCAGTCCCCAGGGGGATGGCACTGAAGCTTTCTTT	CASSPQGDGTEAFF	TRBV27*01	TRBD1*01	TRBJ1-1*01	TRBC	assemble560	0
1	1.787087e-03	TGCATCCTGCCCCTTGCTGGTGGTACTAGCTATGGAAAGCTGACATTT	CILPLAGGTSYGKLTF	TRAV26-2*01	.	TRAJ52*01	TRAC	assemble633	0
1	1.016963e-03	TGTGCCAGCAGCTTAGACTCCAGACAGGGGACTACCGAAGAGACCCAGTACTTC	CASSLDSRQGTTEETQYF	TRBV7-6*01	TRBD2*01	TRBJ2-5*01	TRBC	assemble618	0
1	1.787087e-03	TGTGCTGTGAGAGACCGGAGAGATGACAAGATCATCTTT	CAVRDRRDDKIIF	TRAV3*01	.	TRAJ30*01	.	assemble585	0
1	1.787087e-03	TGTGCTGTGGGGAACCAGGCAGGAACTGCTCTGATCTTT	CAVGNQAGTALIF	TRAV21*01	.	TRAJ15*01	.	assemble503	0
1	1.787087e-03	TGTGCATCATCTAGCCCCGGTTCGGCGGTGCTACAAACAAGCTCATCTTT	out_of_frame	TRAV13-1*01	.	TRAJ32*01	TRAC	assemble684	0
1	1.787087e-03	TGTGCTGTGGAGAGGGCCTACGAATACATCTTT	CAVERAYEYIF	TRAV36/DV7*01	.	TRAJ40*01	.	assemble611	0
1	1.016963e-03	TGCGCCAGCAGCCAAGATAAGACATATAGCTCCTACAATGAGCAGTTCTTC	CASSQDKTYSSYNEQFF	TRBV4-3*01	.	TRBJ2-1*01	TRBC	assemble445	0
1	1.016963e-03	TGTGCCAGCAGTCCCGGACAGGGGCCATACGAGCAGTACTTC	CASSPGQGPYEQYF	TRBV6-6*04	TRBD1*01	TRBJ2-7*01	TRBC	assemble385	0
1	1.016963e-03	TGTGCCAGCAGCGTAGGCGGGTTGGGTAATCAGCCCCAGCATTTT	CASSVGGLGNQPQHF	TRBV9*01	TRBD2*01	TRBJ1-5*01	TRBC	assemble631	0
1	1.016963e-03	TGTGTCACCAGTTACCGGGATAGGGACACCGGGGAGCTGTTTTTT	CVTSYRDRDTGELFF	TRBV24-1*01	TRBD1*01	TRBJ2-2*01	TRBC	assemble226	0
1	1.016963e-03	TGTGCCAGCAGCCAAGATCTAGCTTTCACAGATACGCAGTATTTT	CASSQDLAFTDTQYF	TRBV3-1*01	TRBD2*01	TRBJ2-3*01	TRBC	assemble96	0
1	1.787087e-03	TGTGCTCTAGAGGTAGGTTCAGGATACAGCACCCTCACCTTT	CALEVGSGYSTLTF	TRAV6*01	.	TRAJ11*01	TRAC	assemble586	0
1	1.016963e-03	TGTGCCAGCAGTTTGTCGGGGAACACTGAAGCTTTCTTT	CASSLSGNTEAFF	TRBV27*01	TRBD2*01	TRBJ1-1*01	TRBC	assemble853	0
1	6.944927e-03	TGTGCCTTGTGGGAGGTGAAGATATTCTATTATAAGAAACTCTTT	CALWEVKIFYYKKLF	TRGV9*01	.	TRGJ1*01	TRGC	assemble604	0
1	1.787087e-03	TGCCTCGTGGGTAAAGAGTACAGCAGTGCTTC	out_of_frame	TRAV4*01	.	TRAJ3*01	.	assemble453	0
1	6.944927e-03	TGTGCTGCGTGGGATTCCGGGAAACTCTTT	CAAWDSGKLF	TRGV10*02	.	TRGJ1*02	TRGC	assemble363	0
1	1.016963e-03	TGTGCCAGCAGCTTAGGACTAGCGCCCGACAATGAGCAGTTCTTC	CASSLGLAPDNEQFF	TRBV7-2*01	TRBD2*01	TRBJ2-1*01	TRBC	assemble425	0
1	1.016963e-03	TGTGCCAGTAGTACCCTCCTGGGCGTAGACCAAGAGACCCAGTACTTC	CASSTLLGVDQETQYF	TRBV19*01	.	TRBJ2-5*01	TRBC	assemble427	0
1	1.787087e-03	TGTGCAGCAAAGGCTCTAACTGGAGGCTTCAAAACTATCTTT	CAAKALTGGFKTIF	TRAV13-1*01	.	TRAJ9*01	.	assemble751	0
1	1.016963e-03	TGCGCCAGCAGCGGCGGACAGATACTACGAGCAGTACTTC	out_of_frame	TRBV4-1*01	TRBD2*01	TRBJ2-7*01	TRBC	assemble624	0
1	1.787087e-03	TGTGCAGTCTTTTCTTCTGGTTCTGCAAGGCAACTGACCTTTT	out_of_frame	TRAV23/DV6*01	.	TRAJ22*01	.	assemble419	0
1	1.016963e-03	TGCGCCAGCAGCTTGGGCGGGGGTCTAGCGGACTACGAGCAGTACTTC	CASSLGGGLADYEQYF	TRBV5-1*01	TRBD2*01	TRBJ2-7*01	TRBC	assemble578	0
1	6.944927e-03	TGTGCTGCGTGGGATTTGGGTTGTTATAAGAAACTCTTT	CAAWDLGCYKKLF	TRGV10*02	.	TRGJ1*01	TRGC	assemble829	0
1	1.016963e-03	TGCAGTGCTAGGACTAGCGGGACTCTCTCTGGCTACGAGCAGTACTTC	CSARTSGTLSGYEQYF	TRBV20-1*01	TRBD2*02	TRBJ2-7*01	TRBC	assemble662	0
1	1.016963e-03	TGTGCCTGGGGGCCCCTTTCTCTCTCTGGGGCCAACGTCCTGACTTTC	CAWGPLSLSGANVLTF	TRBV30*05	TRBD1*01	TRBJ2-6*01	TRBC	assemble812	0
1	1.016963e-03	TGTGCCAGTAGTATAGATCGCGCTAGCGGGTTCTACAATGAGCAGTTC	CASSIDRASGFYNEQF	TRBV19*01	TRBD2*01	TRBJ2-1*01	TRBC	assemble844	0
1	1.016963e-03	TGTGCCAGCAGTTACTTACGAATATCAGATACGCAGTATTTT	CASSYLRISDTQYF	TRBV6-5*01	.	TRBJ2-3*01	TRBC	assemble552	0
1	6.944927e-03	TGTGCCACCTGGGACGGCCCCGGGCCCAAGAAACTCTTT	CATWDGPGPKKLF	TRGV2*01	.	TRGJ1*02	TRGC	assemble831	0
1	1.016963e-03	TGCAGTGTGAGATAGCCGGGAGTTGGGGAGACCCAGTACGTC	CSVR_PGVGETQYV	TRBV20-1*01	TRBD2*01	TRBJ2-5*01	TRBC	assemble712	0
1	1.016963e-03	TGCACCAGCAGCCAAGATTCAGGACAGGGTTCACCCCTCCACTTT	CTSSQDSGQGSPLHF	TRBV3-1*01	TRBD1*01	TRBJ1-6*01	TRBC	assemble562	0
1	1.787087e-03	TGCCTCGTGGGTAGAACAGAGATGACAAGATCATCTTT	out_of_frame	TRAV4*01	.	TRAJ30*01	.	assemble430	0
1	1.787087e-03	TGTGCTGTGAGAGATCACGACTACAAGCTCAGCTTT	CAVRDHDYKLSF	TRAV1-2*01	.	TRAJ20*01	TRAC	assemble126	0
1	1.016963e-03	TGTGCCATCAGTGAGGACAGGGAGGCTTCACCCCTCCACTTT	CAISEDREASPLHF	TRBV10-3*01	TRBD1*01	TRBJ1-6*02	TRBC	assemble822	0
1	1.016963e-03	TGTGCCAGTACCCTGACAGGGTGGAATGAGCAGTTCTTC	CASTLTGWNEQFF	TRBV19*01	TRBD1*01	TRBJ2-1*01	TRBC	assemble342	0
1	1.016963e-03	TGTGCCAGCAGCCCCACTAGCTCCAGTGGAGGCACAGATACGCAGTATTTT	CASSPTSSSGGTDTQYF	TRBV4-2*01	TRBD2*01	TRBJ2-3*01	TRBC	assemble823	0
1	2.702703e-02	TGTGCCTGTGACACCTGGGGCCGAACCGATAAACTCATCTTT	CACDTWGRTDKLIF	TRDV2*01	TRDD3*01	TRDJ1*01	TRDC	assemble199	0
1	1.016963e-03	TGTGCCACCCCCCTGTTCAACGTTCTCGAGCAGTACTTC	CATPLFNVLEQYF	TRBV6-6*01	.	TRBJ2-7*01	TRBC	assemble123	0
1	1.016963e-03	TGTGCCAGCAGCCCCCTAGCCGCAGGGAACACTGAAGCTTTCTTT	CASSPLAAGNTEAFF	TRBV13*01	TRBD2*02	TRBJ1-1*01	TRBC	assemble830	0
1	1.016963e-03	TGCGCCAGCAGTTGGTCCGAAACCGGGGAGCTGTTTTTT	CASSWSETGELFF	TRBV5-1*01	TRBD2*01	TRBJ2-2*01	TRBC	assemble484	0
1	1.016963e-03	TGTGCCAGCAGCCCGGGGACGGTCAGGGGCCAAGAGACCCAGTACTTC	CASSPGTVRGQETQYF	TRBV5-4*01	TRBD1*01	TRBJ2-5*01	TRBC	assemble785	0
1	1.787087e-03	TGTGCAGCAAGCGCAAGGAACTCTGGGGCTGGGAGTTACCAACTCACTTTC	CAASARNSGAGSYQLTF	TRAV29/DV5*01	.	TRAJ28*01	TRAC	assemble673	0
1	1.016963e-03	TGTGCCAGCAATCCTGCGGGAGGGCCATTTTACGAGCAGTACTTC	CASNPAGGPFYEQYF	TRBV12-3*01	TRBD2*02	TRBJ2-7*01	TRBC	assemble827	0
1	1.787087e-03	TGTGCTGTGAGATACAATGCCAGACTCATGTTT	CAVRYNARLMF	TRAV3*01	.	TRAJ31*01	.	assemble647	0
1	1.016963e-03	TGTGCCAGCAGTTTATCGTGGTCTAGCAATCAGCCCCAGCATTTT	CASSLSWSSNQPQHF	TRBV27*01	TRBD2*01	TRBJ1-5*01	TRBC	assemble345	0
1	1.016963e-03	TGTGCCAGCAGTGTATGGGACTAGCCAAAAACATTCAGTACTTC	out_of_frame	TRBV2*01	TRBD2*01	TRBJ2-4*01	TRBC	assemble709	0
1	1.787087e-03	TGTGCTGTGAGAGATTTAAATGCTGGCAACAACCGTAAGCTGATTTGG	CAVRDLNAGNNRKLIW	TRAV3*01	.	TRAJ38*01	.	assemble832	0
1	1.016963e-03	TGTGCCAGCAGCTTGGGGACAGACTATGGCTACACCTTC	CASSLGTDYGYTF	TRBV5-4*01	TRBD1*01	TRBJ1-2*01	TRBC	assemble755	0
1	6.944927e-03	TGTGCCACCTGGTGACCTAAATTCTGAATTATTATAAGAAACTCTTT	out_of_frame	TRGV5*01	.	TRGJ1*02	TRGC	assemble816	0
1	6.944927e-03	TGTGCCACCACCTTATAAGAAACTCTTT	out_of_frame	TRGV4*01	.	TRGJ1*02	TRGC	assemble833	0
1	1.787087e-03	TGTGCTGTGACGGATAGCAGCTATAAATTGATCTTC	CAVTDSSYKLIF	TRAV1-2*01	.	TRAJ12*01	.	assemble497	0
1	1.016963e-03	TGCAGTGCTAGAGACAGGGACACTGAAGCTTTCTTT	CSARDRDTEAFF	TRBV20-1*01	TRBD1*01	TRBJ1-1*01	TRBC	assemble825	0
1	1.016963e-03	TGTGCCACCAGCAGAGATCGTGTCCTAGCCTCGGGCATTCAGTACTTC	CATSRDRVLASGIQYF	TRBV15*02	TRBD2*01	TRBJ2-4*01	TRBC	assemble772	0
1	1.787087e-03	TGCATCGTCCTAGACACGGGCAGGAGAGCACTTACTTTT	CIVLDTGRRALTF	TRAV26-1*01	.	TRAJ5*01	TRAC	assemble665	0
1	1.016963e-03	TGTGCCAGCCGAGACGCGGGAGGGATGAGGCCCGATTTCCACGAGCAGTACTTC	CASRDAGGMRPDFHEQYF	TRBV12-3*01	TRBD2*02	TRBJ2-7*01	TRBC	assemble843	0
1	1.787087e-03	TGTGCTCTGAGTGGAATTAATGCAGGCAACATGCTCACCTTT	CALSGINAGNMLTF	TRAV19*01	.	TRAJ39*01	TRAC	assemble626	0
1	1.787087e-03	TGTGCCTCTTATTCTGGTTCTGCAAGGCAACTGACCTTT	CASYSGSARQLTF	TRAV24*01	.	TRAJ22*01	.	assemble446	0
1	1.016963e-03	TGTGCCAGCAGCCCTCATACAGGGTACAATGAGCAGTTCTTC	CASSPHTGYNEQFF	TRBV6-5*01	TRBD1*01	TRBJ2-1*01	TRBC	assemble646	0
1	1.016963e-03	TGTGCCAGCAGTGAGAGAACCGGGAGCTCCTACGAGCAGTACTTC	CASSERTGSSYEQYF	TRBV6-1*01	TRBD2*02	TRBJ2-7*01	TRBC	assemble659	0
1	1.787087e-03	TGTGCAGCAAGTATTAATGGAGGCTTCAAAACTATCTTT	CAASINGGFKTIF	TRAV13-1*02	.	TRAJ9*01	.	assemble554	0
1	1.016963e-03	TGTGCCAGCAGTGTAACAGAGACCGGGGAGCTGTTTTTT	CASSVTETGELFF	TRBV6-4*01	TRBD1*01	TRBJ2-2*01	TRBC	assemble701	0
1	1.016963e-03	TGTGCCAGTAGTATTTCTAGCGGCTCCTACAATGAGCAGTTCTTC	CASSISSGSYNEQFF	TRBV19*01	TRBD2*01	TRBJ2-1*01	TRBC	assemble82	1
1	1.016963e-03	TGTGCCAGCAGCTTAGATGAAGTCAGGGAGCAGTACTTC	CASSLDEVREQYF	TRBV7-6*01	TRBD1*01	TRBJ2-7*01	TRBC	assemble651	0
1	1.787087e-03	TGTGCAATGAGCGCGGGGAACTTCAACAAATTTTACTTT	CAMSAGNFNKFYF	TRAV12-3*01	.	TRAJ21*01	.	assemble417	0
1	1.787087e-03	TGTGCAATGAGAGAATAAGATGACAAGATCATCTTT	CAMRE_DDKIIF	TRAV14/DV4*01	.	TRAJ30*01	TRAC	assemble652	0
1	1.787087e-03	TGTGCCGTGAACCCTGCCGGAGGTCAGAATTTTGTCTTT	CAVNPAGGQNFVF	TRAV8-1*01	.	TRAJ26*01	TRAC	assemble649	0
1	1.016963e-03	TGTGCCACTACTAATTTGGGGGCACCTAGCACAGATACGCAGTAT	CATTNLGAPSTDTQY	TRBV28*01	TRBD1*01	TRBJ2-3*01	TRBC	assemble517	0
1	1.787087e-03	TGTGCTGTGAGAGGCTTTCAGAAACTTGTATTT	CAVRGFQKLVF	TRAV3*01	.	TRAJ8*01	TRAC	assemble642	0
1	1.016963e-03	TGTGCCAGTAGCTTAGCCCCGGGACAGGGGGCCGATACGCAGTATTTT	CASSLAPGQGADTQYF	TRBV7-2*01	TRBD1*01	TRBJ2-3*01	TRBC	assemble432	0
1	6.944927e-03	TGTGCTGCGTGGGATTATACCACTGGTTGGTTCAAGATATTT	CAAWDYTTGWFKIF	TRGV10*02	.	TRGJP1*01	TRGC	assemble280	0
1	1.016963e-03	TGTGCCAGCAGCTTAACCTCGGACATTAGCACTGGGGCCAACGTCCTGACTTTC	CASSLTSDISTGANVLTF	TRBV7-9*01	TRBD1*01	TRBJ2-6*01	TRBC	assemble504	0
1	1.016963e-03	TGTGCCAGCAGCTTAGTCAGGGACTGGCTACACCTTC	out_of_frame	TRBV7-6*01	TRBD2*01	TRBJ1-2*01	TRBC	assemble761	0
1	1.016963e-03	TGTGCCACCTGCCGGTCGGTTCAGTCGCGCTACAATGAGCAGTTCTTC	CATCRSVQSRYNEQFF	TRBV19*01	.	TRBJ2-1*01	TRBC	assemble848	0
1	1.787087e-03	TGTGCAGCAACCAACCAGGGAGGAAAGCTTATCTTC	CAATNQGGKLIF	TRAV29/DV5*01	.	TRAJ23*01	.	assemble835	0
1	1.016963e-03	TGCAGCGTTGAACCCCATGGGACAGGGGGCCTGGGGATGAGCAGTTCTTC	out_of_frame	TRBV29-1*01	TRBD1*01	TRBJ2-1*01	TRBC	assemble546	0
1	1.787087e-03	TGTGCTGTGCCGATGGCTCTGGTTCTGCAAGGCAACTGACCTTT	out_of_frame	TRAV20*01	.	TRAJ22*01	TRAC	assemble605	0
1	1.016963e-03	TGCACCAGCAGCCAAGGCGTGGCGGACAGGGCCTCACCCCTCCACTTT	CTSSQGVADRASPLHF	TRBV3-1*01	TRBD1*01	TRBJ1-6*01	TRBC	assemble782	0
1	1.787087e-03	TGTGCAGCAAGTCTTCAATAATGCAGGCAACATGCTCACCTTT	out_of_frame	TRAV13-1*02	.	TRAJ39*01	.	assemble301	0
1	1.016963e-03	TGTGCCAGCAGTGAAAGTGCGGAAGCCGGGGAGCTGTTTTTT	CASSESAEAGELFF	TRBV6-1*01	TRBD2*01	TRBJ2-2*01	TRBC	assemble542	0
1	1.016963e-03	TGTGCCAGCAGTGCTAGCGGGGGGTCCTACAATGAGCAGTTCTTC	CASSASGGSYNEQFF	TRBV6-4*01	TRBD2*01	TRBJ2-1*01	TRBC	assemble834	0
1	1.787087e-03	TGTGCGGCCCGCTGGAACAATGACATGCGCTTT	CAARWNNDMRF	TRAV20*01	.	TRAJ43*01	.	assemble729	0
1	1.787087e-03	TGTGCAATTAGGTCGACTGGAGGCTTCAACACTATCTTT	CAIRSTGGFNTIF	TRAV12-3*01	.	TRAJ9*01	TRAC	assemble630	0
1	1.787087e-03	TGTGCAGCAAGTAAGGGGAGCAGTGCTTCCAAGATAATCTTT	CAASKGSSASKIIF	TRAV13-1*02	.	TRAJ3*01	.	assemble444	0
1	6.944927e-03	TGTGCCACCTGGGATGGGCCGATATAAGAAACTCTTT	out_of_frame	TRGV8*01	.	TRGJ1*02	TRGC	assemble437	0
1	1.787087e-03	TGTGCAGAGAAAAGTAACGACTACAAGCTCAGCTTT	CAEKSNDYKLSF	TRAV13-2*01	.	TRAJ20*01	.	assemble803	0
1	1.016963e-03	TGTGCCAGCAGCTTAGGGGGCTATCAAGAGACCCAGTACTTC	CASSLGGYQETQYF	TRBV7-9*01	TRBD1*01	TRBJ2-5*01	TRBC	assemble705	0
1	1.016963e-03	TGTGCCAGCAGCTTAGCCGGGGGACCGGATACGCAGTATTTT	CASSLAGGPDTQYF	TRBV7-2*01	TRBD2*01	TRBJ2-3*01	TRBC	assemble531	0
1	1.787087e-03	TGTGCTCTGAGTGAGAATTTTAACTTTGGAAATGAGAAATTAACCTTT	CALSENFNFGNEKLTF	TRAV19*01	.	TRAJ48*01	.	assemble547	0
1	1.787087e-03	TGTGCAGAGAATATTTGAGCACCCTCACCTTT	out_of_frame	TRAV13-2*01	.	TRAJ11*01	TRAC	assemble650	0
1	1.787087e-03	TGTGCAGCCCCCCAGGGCGGATCTGAAAAGCTGGTCTTT	CAAPQGGSEKLVF	TRAV25*01	.	TRAJ57*01	TRAC	assemble561	0
1	1.787087e-03	TGTGTGGTGAACATGGGGCTGGGAGTTACCAACTCACTTTC	out_of_frame	TRAV12-1*01	.	TRAJ28*01	.	assemble773	0
1	1.016963e-03	TGCAGCGTTGAGATGGCAGATTACGAGCAGTACTTC	CSVEMADYEQYF	TRBV29-1*01	.	TRBJ2-7*01	TRBC	assemble418	0
1	1.016963e-03	TGCAGCGTTGAAGATTCACAGGGAATCAATGAGCAGTTCTTC	CSVEDSQGINEQFF	TRBV29-1*01	TRBD1*01	TRBJ2-1*01	TRBC	assemble789	0
1	1.016963e-03	TGCGCCAGCAAGGGACAGGGGATCACTGGAAACACCATATATTTT	CASKGQGITGNTIYF	TRBV5-1*01	TRBD1*01	TRBJ1-3*01	TRBC	assemble658	0
1	1.016963e-03	TGCGCCAGCAGTCAAGAACGACAGGCCCCTTCTATAATTCACCCCTCCACTTT	out_of_frame	TRBV23-1*01	TRBD1*01	TRBJ1-6*01	TRBC	assemble811	0
1	1.016963e-03	TGTGCCAGCAGCCAAACCGCCGGAAGGAACACCGGGGAGCTGTTTTTT	CASSQTAGRNTGELFF	TRBV3-1*01	TRBD2*01	TRBJ2-2*01	TRBC	assemble671	0
1	6.944927e-03	TGTGCCACCGTGCACGCCCTCTTT	CATVHALF	TRGV2*01	.	TRGJ1*02	TRGC	assemble188	0
1	1.016963e-03	TGTGCCAGCAGCTTAGATCAGAAGGACGAGCAGTACTTC	CASSLDQKDEQYF	TRBV7-9*01	TRBD2*01	TRBJ2-7*01	TRBC	assemble610	0
1	1.787087e-03	TGTGCAGCAAGGATTTACGGGGCAAACAACCTCTTCTTT	CAARIYGANNLFF	TRAV29/DV5*01	.	TRAJ36*01	TRAC	assemble623	0
1	1.787087e-03	TGTGCAATGAGAATTAATAACTATGGTCAGAATTTTGTCTTT	CAMRINNYGQNFVF	TRAV14/DV4*02	.	TRAJ26*01	.	assemble410	0
1	1.016963e-03	TGCGCCAGCAGTCATGGCAGGGGGCGCGGCTACACCTTC	CASSHGRGRGYTF	TRBV23-1*01	TRBD1*01	TRBJ1-2*01	TRBC	assemble799	0
